epoch     	mean_ops    	median_ops  	unique_ids  	modal_id  	representative_tape (modal_count)
0         	1.7551      	2.0         	8388608     	0         	|                                                     <          | (1)
1         	4.5214      	1.0         	6990534     	157       	|,,,,,,,,,,,,,,,,,,,,,,,,,,,,,,,,,,,,,,,,,,,,,,,,,,,,,,,,,,,,,,,,| (128)
2         	7.3195      	1.0         	6134693     	157       	|,,,,,,,,,,,,,,,,,,,,,,,,,,,,,,,,,,,,,,,,,,,,,,,,,,,,,,,,,,,,,,,,| (256)
3         	10.6135     	2.0         	5391082     	29243     	|,,,,,,,,,,,,,,,,,,,,,,,,,,,,,,,,,,,,,,,,,,,,,,,,,,,,,,,,,,,,,,,,| (512)
4         	14.7272     	2.0         	4633372     	3819444   	|,,,,,,,,,,,,,,,,,,,,,,,,,,,,,,,,,,,,,,,,,,,,,,,,,,,,,,,,,,,,,,,,| (1024)
5         	19.7311     	2.0         	3836127     	1508655   	|,,,,,,,,,,,,,,,,,,,,,,,,,,,,,,,,,,,,,,,,,,,,,,,,,,,,,,,,,,,,,,,,| (1664)
6         	25.6635     	3.0         	2998417     	4946800   	|,,,,,,,,,,,,,,,,,,,,,,,,,,,,,,,,,,,,,,,,,,,,,,,,,,,,,,,,,,,,,,,,| (2560)
7         	31.9855     	6.0         	2182520     	1508655   	|,,,,,,,,,,,,,,,,,,,,,,,,,,,,,,,,,,,,,,,,,,,,,,,,,,,,,,,,,,,,,,,,| (3519)
8         	37.8838     	64.0        	1482885     	1508655   	|,,,,,,,,,,,,,,,,,,,,,,,,,,,,,,,,,,,,,,,,,,,,,,,,,,,,,,,,,,,,,,,,| (5248)
9         	42.9630     	64.0        	941968      	1508655   	|,,,,,,,,,,,,,,,,,,,,,,,,,,,,,,,,,,,,,,,,,,,,,,,,,,,,,,,,,,,,,,,,| (5246)
10        	46.6107     	64.0        	583176      	4447852   	|,,,,,,,,,,,,,,,,,,,,,,,,,,,,,,,,,,,,,,,,,,,,,,,,,,,,,,,,,,,,,,,,| (5888)
11        	49.1153     	64.0        	357883      	1266017   	|,,,,,,,,,,,,,,,,,,,,,,,,,,,,,,,,,,,,,,,,,,,,,,,,,,,,,,,,,,,,,,,,| (6243)
12        	50.5048     	64.0        	222501      	6598466   	|,,,,,,,,,,,,,,,,,,,,,,,,,,,,,,,,,,,,,,,,,,,,,,,,,,,,,,,,,,,,,,,,| (7360)
13        	51.3584     	64.0        	135899      	6170670   	|,,,,,,,,,,,,,,,,,,,,,,,,,,,,,,,,,,,,,,,,,,,,,,,,,,,,,,,,,,,,,,,,| (7167)
14        	51.9996     	64.0        	83495       	1266017   	|,,,,,,,,,,,,,,,,,,,,,,,,,,,,,,,,,,,,,,,,,,,,,,,,,,,,,,,,,,,,,,,,| (8448)
15        	52.4214     	64.0        	53486       	1266017   	|,,,,,,,,,,,,,,,,,,,,,,,,,,,,,,,,,,,,,,,,,,,,,,,,,,,,,,,,,,,,,,,,| (9280)
16        	52.6307     	64.0        	35649       	1266017   	|,,,,,,,,,,,,,,,,,,,,,,,,,,,,,,,,,,,,,,,,,,,,,,,,,,,,,,,,,,,,,,,,| (10685)
17        	52.7098     	64.0        	24224       	1266017   	|,,,,,,,,,,,,,,,,,,,,,,,,,,,,,,,,,,,,,,,,,,,,,,,,,,,,,,,,,,,,,,,,| (10048)
18        	52.7073     	64.0        	17381       	1266017   	|,,,,,,,,,,,,,,,,,,,,,,,,,,,,,,,,,,,,,,,,,,,,,,,,,,,,,,,,,,,,,,,,| (9087)
19        	52.6622     	64.0        	13473       	1266017   	|,,,,,,,,,,,,,,,,,,,,,,,,,,,,,,,,,,,,,,,,,,,,,,,,,,,,,,,,,,,,,,,,| (9599)
20        	52.6813     	64.0        	11204       	7059070   	|,,,,,,,,,,,,,,,,,,,,,,,,,,,,,,,,,,,,,,,,,,,,,,,,,,,,,,,,,,,,,,,,| (9599)
21        	52.6864     	64.0        	10056       	7059070   	|,,,,,,,,,,,,,,,,,,,,,,,,,,,,,,,,,,,,,,,,,,,,,,,,,,,,,,,,,,,,,,,,| (10816)
22        	52.7725     	64.0        	8847        	7059070   	|,,,,,,,,,,,,,,,,,,,,,,,,,,,,,,,,,,,,,,,,,,,,,,,,,,,,,,,,,,,,,,,,| (11199)
23        	52.8705     	64.0        	8224        	7059070   	|                                                                | (11520)
24        	52.7383     	64.0        	7900        	7059070   	|,,,,,,,,,,,,,,,,,,,,,,,,,,,,,,,,,,,,,,,,,,,,,,,,,,,,,,,,,,,,,,,,| (10175)
25        	52.6652     	64.0        	7540        	6170670   	|,,,,,,,,,,,,,,,,,,,,,,,,,,,,,,,,,,,,,,,,,,,,,,,,,,,,,,,,,,,,,,,,| (11008)
26        	52.5829     	64.0        	7331        	7059070   	|,,,,,,,,,,,,,,,,,,,,,,,,,,,,,,,,,,,,,,,,,,,,,,,,,,,,,,,,,,,,,,,,| (11200)
27        	52.4966     	64.0        	7141        	7059070   	|,,,,,,,,,,,,,,,,,,,,,,,,,,,,,,,,,,,,,,,,,,,,,,,,,,,,,,,,,,,,,,,,| (12416)
28        	52.5656     	64.0        	6923        	7059070   	|,,,,,,,,,,,,,,,,,,,,,,,,,,,,,,,,,,,,,,,,,,,,,,,,,,,,,,,,,,,,,,,,| (13887)
29        	52.6007     	64.0        	6706        	7059070   	|,,,,,,,,,,,,,,,,,,,,,,,,,,,,,,,,,,,,,,,,,,,,,,,,,,,,,,,,,,,,,,,,| (15228)
30        	52.5274     	64.0        	6584        	7059070   	|,,,,,,,,,,,,,,,,,,,,,,,,,,,,,,,,,,,,,,,,,,,,,,,,,,,,,,,,,,,,,,,,| (14847)
31        	52.5740     	64.0        	6427        	7059070   	|                                                                | (15616)
32        	52.5795     	64.0        	6318        	7059070   	|                                                                | (15934)
33        	52.5979     	64.0        	6213        	7059070   	|                                                                | (16766)
34        	52.6708     	64.0        	6100        	7059070   	|                                                                | (14974)
35        	52.5476     	64.0        	5965        	7059070   	|                                                                | (15230)
36        	52.6687     	64.0        	5907        	7059070   	|,,,,,,,,,,,,,,,,,,,,,,,,,,,,,,,,,,,,,,,,,,,,,,,,,,,,,,,,,,,,,,,,| (14783)
37        	52.6170     	64.0        	5798        	7059070   	|,,,,,,,,,,,,,,,,,,,,,,,,,,,,,,,,,,,,,,,,,,,,,,,,,,,,,,,,,,,,,,,,| (14910)
38        	52.6472     	64.0        	5722        	6170670   	|,,,,,,,,,,,,,,,,,,,,,,,,,,,,,,,,,,,,,,,,,,,,,,,,,,,,,,,,,,,,,,,,| (14974)
39        	52.7188     	64.0        	5695        	7059070   	|,,,,,,,,,,,,,,,,,,,,,,,,,,,,,,,,,,,,,,,,,,,,,,,,,,,,,,,,,,,,,,,,| (15038)
40        	52.8294     	64.0        	5527        	7059070   	|,,,,,,,,,,,,,,,,,,,,,,,,,,,,,,,,,,,,,,,,,,,,,,,,,,,,,,,,,,,,,,,,| (15678)
41        	52.7792     	64.0        	5417        	7059070   	|,,,,,,,,,,,,,,,,,,,,,,,,,,,,,,,,,,,,,,,,,,,,,,,,,,,,,,,,,,,,,,,,| (16574)
42        	52.7482     	64.0        	5363        	7059070   	|,,,,,,,,,,,,,,,,,,,,,,,,,,,,,,,,,,,,,,,,,,,,,,,,,,,,,,,,,,,,,,,,| (18045)
43        	52.6908     	64.0        	5328        	7059070   	|,,,,,,,,,,,,,,,,,,,,,,,,,,,,,,,,,,,,,,,,,,,,,,,,,,,,,,,,,,,,,,,,| (17467)
44        	52.7749     	64.0        	5246        	7059070   	|,,,,,,,,,,,,,,,,,,,,,,,,,,,,,,,,,,,,,,,,,,,,,,,,,,,,,,,,,,,,,,,,| (17598)
45        	52.8118     	64.0        	5126        	7059070   	|,,,,,,,,,,,,,,,,,,,,,,,,,,,,,,,,,,,,,,,,,,,,,,,,,,,,,,,,,,,,,,,,| (17214)
46        	52.8217     	64.0        	5052        	7059070   	|,,,,,,,,,,,,,,,,,,,,,,,,,,,,,,,,,,,,,,,,,,,,,,,,,,,,,,,,,,,,,,,,| (16959)
47        	52.9333     	64.0        	5004        	7634970   	|,,,,,,,,,,,,,,,,,,,,,,,,,,,,,,,,,,,,,,,,,,,,,,,,,,,,,,,,,,,,,,,,| (17279)
48        	52.8802     	64.0        	4956        	7241766   	|,,,,,,,,,,,,,,,,,,,,,,,,,,,,,,,,,,,,,,,,,,,,,,,,,,,,,,,,,,,,,,,,| (17789)
49        	52.9430     	64.0        	4806        	7241766   	|,,,,,,,,,,,,,,,,,,,,,,,,,,,,,,,,,,,,,,,,,,,,,,,,,,,,,,,,,,,,,,,,| (18304)
50        	52.8773     	64.0        	4718        	7634970   	|,,,,,,,,,,,,,,,,,,,,,,,,,,,,,,,,,,,,,,,,,,,,,,,,,,,,,,,,,,,,,,,,| (19070)
51        	52.9778     	64.0        	4764        	950235    	|,,,,,,,,,,,,,,,,,,,,,,,,,,,,,,,,,,,,,,,,,,,,,,,,,,,,,,,,,,,,,,,,| (20479)
52        	53.0231     	64.0        	4677        	950235    	|,,,,,,,,,,,,,,,,,,,,,,,,,,,,,,,,,,,,,,,,,,,,,,,,,,,,,,,,,,,,,,,,| (20347)
53        	52.9854     	64.0        	4610        	950235    	|,,,,,,,,,,,,,,,,,,,,,,,,,,,,,,,,,,,,,,,,,,,,,,,,,,,,,,,,,,,,,,,,| (20221)
54        	52.8932     	64.0        	4521        	7634970   	|,,,,,,,,,,,,,,,,,,,,,,,,,,,,,,,,,,,,,,,,,,,,,,,,,,,,,,,,,,,,,,,,| (20733)
55        	52.9210     	64.0        	4518        	7634970   	|,,,,,,,,,,,,,,,,,,,,,,,,,,,,,,,,,,,,,,,,,,,,,,,,,,,,,,,,,,,,,,,,| (21375)
56        	52.9846     	64.0        	4454        	7634970   	|,,,,,,,,,,,,,,,,,,,,,,,,,,,,,,,,,,,,,,,,,,,,,,,,,,,,,,,,,,,,,,,,| (22016)
57        	52.9609     	64.0        	4422        	7634970   	|,,,,,,,,,,,,,,,,,,,,,,,,,,,,,,,,,,,,,,,,,,,,,,,,,,,,,,,,,,,,,,,,| (22271)
58        	52.8769     	64.0        	4373        	7634970   	|,,,,,,,,,,,,,,,,,,,,,,,,,,,,,,,,,,,,,,,,,,,,,,,,,,,,,,,,,,,,,,,,| (23549)
59        	52.8685     	64.0        	4330        	7634970   	|,,,,,,,,,,,,,,,,,,,,,,,,,,,,,,,,,,,,,,,,,,,,,,,,,,,,,,,,,,,,,,,,| (25343)
60        	52.9196     	64.0        	4282        	7634970   	|,,,,,,,,,,,,,,,,,,,,,,,,,,,,,,,,,,,,,,,,,,,,,,,,,,,,,,,,,,,,,,,,| (24958)
61        	52.8807     	64.0        	4197        	7634970   	|,,,,,,,,,,,,,,,,,,,,,,,,,,,,,,,,,,,,,,,,,,,,,,,,,,,,,,,,,,,,,,,,| (26239)
62        	53.0141     	64.0        	4220        	7634970   	|,,,,,,,,,,,,,,,,,,,,,,,,,,,,,,,,,,,,,,,,,,,,,,,,,,,,,,,,,,,,,,,,| (26109)
63        	53.0316     	64.0        	4138        	7634970   	|,,,,,,,,,,,,,,,,,,,,,,,,,,,,,,,,,,,,,,,,,,,,,,,,,,,,,,,,,,,,,,,,| (28924)
64        	52.9638     	64.0        	4126        	7634970   	|,,,,,,,,,,,,,,,,,,,,,,,,,,,,,,,,,,,,,,,,,,,,,,,,,,,,,,,,,,,,,,,,| (28285)
65        	53.0531     	64.0        	4066        	7634970   	|,,,,,,,,,,,,,,,,,,,,,,,,,,,,,,,,,,,,,,,,,,,,,,,,,,,,,,,,,,,,,,,,| (28539)
66        	52.9294     	64.0        	4059        	6170670   	|,,,,,,,,,,,,,,,,,,,,,,,,,,,,,,,,,,,,,,,,,,,,,,,,,,,,,,,,,,,,,,,,| (27260)
67        	52.8538     	64.0        	3980        	7634970   	|,,,,,,,,,,,,,,,,,,,,,,,,,,,,,,,,,,,,,,,,,,,,,,,,,,,,,,,,,,,,,,,,| (28541)
68        	52.8096     	64.0        	3959        	7634970   	|,,,,,,,,,,,,,,,,,,,,,,,,,,,,,,,,,,,,,,,,,,,,,,,,,,,,,,,,,,,,,,,,| (29568)
69        	52.8340     	64.0        	3923        	6170670   	|,,,,,,,,,,,,,,,,,,,,,,,,,,,,,,,,,,,,,,,,,,,,,,,,,,,,,,,,,,,,,,,,| (28031)
70        	52.8552     	64.0        	3896        	6170670   	|,,,,,,,,,,,,,,,,,,,,,,,,,,,,,,,,,,,,,,,,,,,,,,,,,,,,,,,,,,,,,,,,| (28543)
71        	52.9713     	64.0        	3829        	7634970   	|,,,,,,,,,,,,,,,,,,,,,,,,,,,,,,,,,,,,,,,,,,,,,,,,,,,,,,,,,,,,,,,,| (26750)
72        	52.8910     	64.0        	3795        	6170670   	|,,,,,,,,,,,,,,,,,,,,,,,,,,,,,,,,,,,,,,,,,,,,,,,,,,,,,,,,,,,,,,,,| (28799)
73        	52.9204     	64.0        	3818        	6170670   	|,,,,,,,,,,,,,,,,,,,,,,,,,,,,,,,,,,,,,,,,,,,,,,,,,,,,,,,,,,,,,,,,| (31101)
74        	52.9961     	64.0        	3737        	6170670   	|,,,,,,,,,,,,,,,,,,,,,,,,,,,,,,,,,,,,,,,,,,,,,,,,,,,,,,,,,,,,,,,,| (31355)
75        	53.0313     	64.0        	3777        	6170670   	|,,,,,,,,,,,,,,,,,,,,,,,,,,,,,,,,,,,,,,,,,,,,,,,,,,,,,,,,,,,,,,,,| (31615)
76        	52.9133     	64.0        	3716        	6170670   	|,,,,,,,,,,,,,,,,,,,,,,,,,,,,,,,,,,,,,,,,,,,,,,,,,,,,,,,,,,,,,,,,| (32383)
77        	52.8625     	64.0        	3701        	6170670   	|,,,,,,,,,,,,,,,,,,,,,,,,,,,,,,,,,,,,,,,,,,,,,,,,,,,,,,,,,,,,,,,,| (32250)
78        	52.8795     	64.0        	3622        	6170670   	|,,,,,,,,,,,,,,,,,,,,,,,,,,,,,,,,,,,,,,,,,,,,,,,,,,,,,,,,,,,,,,,,| (33660)
79        	52.8405     	64.0        	3592        	6170670   	|,,,,,,,,,,,,,,,,,,,,,,,,,,,,,,,,,,,,,,,,,,,,,,,,,,,,,,,,,,,,,,,,| (34173)
80        	52.8615     	64.0        	3573        	6170670   	|,,,,,,,,,,,,,,,,,,,,,,,,,,,,,,,,,,,,,,,,,,,,,,,,,,,,,,,,,,,,,,,,| (32509)
81        	52.8557     	64.0        	3578        	6170670   	|,,,,,,,,,,,,,,,,,,,,,,,,,,,,,,,,,,,,,,,,,,,,,,,,,,,,,,,,,,,,,,,,| (34942)
82        	52.7926     	64.0        	3556        	6170670   	|,,,,,,,,,,,,,,,,,,,,,,,,,,,,,,,,,,,,,,,,,,,,,,,,,,,,,,,,,,,,,,,,| (35453)
83        	52.7548     	64.0        	3568        	6170670   	|,,,,,,,,,,,,,,,,,,,,,,,,,,,,,,,,,,,,,,,,,,,,,,,,,,,,,,,,,,,,,,,,| (35838)
84        	52.7547     	64.0        	3464        	6170670   	|,,,,,,,,,,,,,,,,,,,,,,,,,,,,,,,,,,,,,,,,,,,,,,,,,,,,,,,,,,,,,,,,| (34302)
85        	52.6393     	64.0        	3514        	6170670   	|,,,,,,,,,,,,,,,,,,,,,,,,,,,,,,,,,,,,,,,,,,,,,,,,,,,,,,,,,,,,,,,,| (31614)
86        	52.5952     	64.0        	3408        	6170670   	|,,,,,,,,,,,,,,,,,,,,,,,,,,,,,,,,,,,,,,,,,,,,,,,,,,,,,,,,,,,,,,,,| (29312)
87        	52.5902     	64.0        	3440        	6170670   	|,,,,,,,,,,,,,,,,,,,,,,,,,,,,,,,,,,,,,,,,,,,,,,,,,,,,,,,,,,,,,,,,| (30204)
88        	52.4986     	64.0        	3366        	6170670   	|,,,,,,,,,,,,,,,,,,,,,,,,,,,,,,,,,,,,,,,,,,,,,,,,,,,,,,,,,,,,,,,,| (29183)
89        	52.4501     	64.0        	3348        	6170670   	|,,,,,,,,,,,,,,,,,,,,,,,,,,,,,,,,,,,,,,,,,,,,,,,,,,,,,,,,,,,,,,,,| (29055)
90        	52.5490     	64.0        	3291        	6170670   	|,,,,,,,,,,,,,,,,,,,,,,,,,,,,,,,,,,,,,,,,,,,,,,,,,,,,,,,,,,,,,,,,| (27900)
91        	52.6379     	64.0        	3294        	6170670   	|,,,,,,,,,,,,,,,,,,,,,,,,,,,,,,,,,,,,,,,,,,,,,,,,,,,,,,,,,,,,,,,,| (28157)
92        	52.5708     	64.0        	3260        	6170670   	|,,,,,,,,,,,,,,,,,,,,,,,,,,,,,,,,,,,,,,,,,,,,,,,,,,,,,,,,,,,,,,,,| (29691)
93        	52.5130     	64.0        	3278        	6170670   	|,,,,,,,,,,,,,,,,,,,,,,,,,,,,,,,,,,,,,,,,,,,,,,,,,,,,,,,,,,,,,,,,| (30974)
94        	52.4580     	64.0        	3190        	6170670   	|,,,,,,,,,,,,,,,,,,,,,,,,,,,,,,,,,,,,,,,,,,,,,,,,,,,,,,,,,,,,,,,,| (31742)
95        	52.3765     	64.0        	3235        	6170670   	|,,,,,,,,,,,,,,,,,,,,,,,,,,,,,,,,,,,,,,,,,,,,,,,,,,,,,,,,,,,,,,,,| (28928)
96        	52.4484     	64.0        	3235        	6170670   	|,,,,,,,,,,,,,,,,,,,,,,,,,,,,,,,,,,,,,,,,,,,,,,,,,,,,,,,,,,,,,,,,| (29824)
97        	52.3793     	64.0        	3173        	6170670   	|,,,,,,,,,,,,,,,,,,,,,,,,,,,,,,,,,,,,,,,,,,,,,,,,,,,,,,,,,,,,,,,,| (31872)
98        	52.4165     	64.0        	3161        	6170670   	|,,,,,,,,,,,,,,,,,,,,,,,,,,,,,,,,,,,,,,,,,,,,,,,,,,,,,,,,,,,,,,,,| (30461)
99        	52.3742     	64.0        	3180        	6170670   	|,,,,,,,,,,,,,,,,,,,,,,,,,,,,,,,,,,,,,,,,,,,,,,,,,,,,,,,,,,,,,,,,| (30076)
100       	52.5462     	64.0        	3111        	6170670   	|,,,,,,,,,,,,,,,,,,,,,,,,,,,,,,,,,,,,,,,,,,,,,,,,,,,,,,,,,,,,,,,,| (30717)
101       	52.5125     	64.0        	3124        	6170670   	|,,,,,,,,,,,,,,,,,,,,,,,,,,,,,,,,,,,,,,,,,,,,,,,,,,,,,,,,,,,,,,,,| (30518)
102       	52.5589     	64.0        	3113        	6170670   	|,,,,,,,,,,,,,,,,,,,,,,,,,,,,,,,,,,,,,,,,,,,,,,,,,,,,,,,,,,,,,,,,| (33278)
103       	52.5453     	64.0        	3093        	2875074   	|,,,,,,,,,,,,,,,,,,,,,,,,,,,,,,,,,,,,,,,,,,,,,,,,,,,,,,,,,,,,,,,,| (31613)
104       	52.5626     	64.0        	3091        	2875074   	|,,,,,,,,,,,,,,,,,,,,,,,,,,,,,,,,,,,,,,,,,,,,,,,,,,,,,,,,,,,,,,,,| (32763)
105       	52.4962     	64.0        	3060        	6170670   	|,,,,,,,,,,,,,,,,,,,,,,,,,,,,,,,,,,,,,,,,,,,,,,,,,,,,,,,,,,,,,,,,| (32891)
106       	52.5906     	64.0        	3014        	6170670   	|,,,,,,,,,,,,,,,,,,,,,,,,,,,,,,,,,,,,,,,,,,,,,,,,,,,,,,,,,,,,,,,,| (33405)
107       	52.5467     	64.0        	2999        	6170670   	|,,,,,,,,,,,,,,,,,,,,,,,,,,,,,,,,,,,,,,,,,,,,,,,,,,,,,,,,,,,,,,,,| (33788)
108       	52.4641     	64.0        	2984        	6170670   	|,,,,,,,,,,,,,,,,,,,,,,,,,,,,,,,,,,,,,,,,,,,,,,,,,,,,,,,,,,,,,,,,| (33149)
109       	52.4116     	64.0        	2937        	6170670   	|,,,,,,,,,,,,,,,,,,,,,,,,,,,,,,,,,,,,,,,,,,,,,,,,,,,,,,,,,,,,,,,,| (32764)
110       	52.4679     	64.0        	2957        	6170670   	|,,,,,,,,,,,,,,,,,,,,,,,,,,,,,,,,,,,,,,,,,,,,,,,,,,,,,,,,,,,,,,,,| (32125)
111       	52.4931     	64.0        	2900        	6170670   	|,,,,,,,,,,,,,,,,,,,,,,,,,,,,,,,,,,,,,,,,,,,,,,,,,,,,,,,,,,,,,,,,| (31612)
112       	52.4751     	64.0        	2896        	6170670   	|,,,,,,,,,,,,,,,,,,,,,,,,,,,,,,,,,,,,,,,,,,,,,,,,,,,,,,,,,,,,,,,,| (32766)
113       	52.4290     	64.0        	2860        	6170670   	|,,,,,,,,,,,,,,,,,,,,,,,,,,,,,,,,,,,,,,,,,,,,,,,,,,,,,,,,,,,,,,,,| (34554)
114       	52.3732     	64.0        	2923        	6170670   	|,,,,,,,,,,,,,,,,,,,,,,,,,,,,,,,,,,,,,,,,,,,,,,,,,,,,,,,,,,,,,,,,| (34812)
115       	52.3491     	64.0        	2839        	6170670   	|,,,,,,,,,,,,,,,,,,,,,,,,,,,,,,,,,,,,,,,,,,,,,,,,,,,,,,,,,,,,,,,,| (34688)
116       	52.2925     	64.0        	2802        	2875074   	|,,,,,,,,,,,,,,,,,,,,,,,,,,,,,,,,,,,,,,,,,,,,,,,,,,,,,,,,,,,,,,,,| (33022)
117       	52.2061     	64.0        	2863        	6170670   	|,,,,,,,,,,,,,,,,,,,,,,,,,,,,,,,,,,,,,,,,,,,,,,,,,,,,,,,,,,,,,,,,| (34172)
118       	52.2864     	64.0        	2804        	6170670   	|,,,,,,,,,,,,,,,,,,,,,,,,,,,,,,,,,,,,,,,,,,,,,,,,,,,,,,,,,,,,,,,,| (33531)
119       	52.2926     	64.0        	2760        	6170670   	|,,,,,,,,,,,,,,,,,,,,,,,,,,,,,,,,,,,,,,,,,,,,,,,,,,,,,,,,,,,,,,,,| (34685)
120       	52.3040     	64.0        	2791        	6170670   	|,,,,,,,,,,,,,,,,,,,,,,,,,,,,,,,,,,,,,,,,,,,,,,,,,,,,,,,,,,,,,,,,| (37630)
121       	52.2088     	64.0        	2725        	6170670   	|,,,,,,,,,,,,,,,,,,,,,,,,,,,,,,,,,,,,,,,,,,,,,,,,,,,,,,,,,,,,,,,,| (37884)
122       	52.2070     	64.0        	2748        	6170670   	|,,,,,,,,,,,,,,,,,,,,,,,,,,,,,,,,,,,,,,,,,,,,,,,,,,,,,,,,,,,,,,,,| (39424)
123       	52.2667     	64.0        	2732        	6170670   	|,,,,,,,,,,,,,,,,,,,,,,,,,,,,,,,,,,,,,,,,,,,,,,,,,,,,,,,,,,,,,,,,| (36988)
124       	52.2172     	64.0        	2754        	6170670   	|,,,,,,,,,,,,,,,,,,,,,,,,,,,,,,,,,,,,,,,,,,,,,,,,,,,,,,,,,,,,,,,,| (36605)
125       	52.2883     	64.0        	2698        	6170670   	|,,,,,,,,,,,,,,,,,,,,,,,,,,,,,,,,,,,,,,,,,,,,,,,,,,,,,,,,,,,,,,,,| (35966)
126       	52.2909     	64.0        	2663        	6170670   	|,,,,,,,,,,,,,,,,,,,,,,,,,,,,,,,,,,,,,,,,,,,,,,,,,,,,,,,,,,,,,,,,| (37374)
127       	52.4053     	64.0        	2688        	6170670   	|,,,,,,,,,,,,,,,,,,,,,,,,,,,,,,,,,,,,,,,,,,,,,,,,,,,,,,,,,,,,,,,,| (36606)
128       	52.3614     	64.0        	2668        	6170670   	|,,,,,,,,,,,,,,,,,,,,,,,,,,,,,,,,,,,,,,,,,,,,,,,,,,,,,,,,,,,,,,,,| (36479)
129       	52.3571     	64.0        	2738        	6170670   	|,,,,,,,,,,,,,,,,,,,,,,,,,,,,,,,,,,,,,,,,,,,,,,,,,,,,,,,,,,,,,,,,| (34043)
130       	52.3758     	64.0        	2739        	6170670   	|,,,,,,,,,,,,,,,,,,,,,,,,,,,,,,,,,,,,,,,,,,,,,,,,,,,,,,,,,,,,,,,,| (34942)
131       	52.3952     	64.0        	2674        	6170670   	|,,,,,,,,,,,,,,,,,,,,,,,,,,,,,,,,,,,,,,,,,,,,,,,,,,,,,,,,,,,,,,,,| (34044)
132       	52.3728     	64.0        	2660        	6170670   	|,,,,,,,,,,,,,,,,,,,,,,,,,,,,,,,,,,,,,,,,,,,,,,,,,,,,,,,,,,,,,,,,| (33146)
133       	52.3931     	64.0        	2679        	6170670   	|,,,,,,,,,,,,,,,,,,,,,,,,,,,,,,,,,,,,,,,,,,,,,,,,,,,,,,,,,,,,,,,,| (35070)
134       	52.3660     	64.0        	2663        	6170670   	|,,,,,,,,,,,,,,,,,,,,,,,,,,,,,,,,,,,,,,,,,,,,,,,,,,,,,,,,,,,,,,,,| (36859)
135       	52.3478     	64.0        	2650        	6170670   	|,,,,,,,,,,,,,,,,,,,,,,,,,,,,,,,,,,,,,,,,,,,,,,,,,,,,,,,,,,,,,,,,| (36734)
136       	52.3707     	64.0        	2605        	6170670   	|,,,,,,,,,,,,,,,,,,,,,,,,,,,,,,,,,,,,,,,,,,,,,,,,,,,,,,,,,,,,,,,,| (36861)
137       	52.2988     	64.0        	2612        	6170670   	|,,,,,,,,,,,,,,,,,,,,,,,,,,,,,,,,,,,,,,,,,,,,,,,,,,,,,,,,,,,,,,,,| (40319)
138       	52.3046     	64.0        	2597        	6170670   	|,,,,,,,,,,,,,,,,,,,,,,,,,,,,,,,,,,,,,,,,,,,,,,,,,,,,,,,,,,,,,,,,| (40956)
139       	52.3700     	64.0        	2572        	6170670   	|,,,,,,,,,,,,,,,,,,,,,,,,,,,,,,,,,,,,,,,,,,,,,,,,,,,,,,,,,,,,,,,,| (40063)
140       	52.3592     	64.0        	2602        	6170670   	|,,,,,,,,,,,,,,,,,,,,,,,,,,,,,,,,,,,,,,,,,,,,,,,,,,,,,,,,,,,,,,,,| (40956)
141       	52.3640     	64.0        	2549        	6170670   	|,,,,,,,,,,,,,,,,,,,,,,,,,,,,,,,,,,,,,,,,,,,,,,,,,,,,,,,,,,,,,,,,| (40699)
142       	52.2930     	64.0        	2562        	6170670   	|,,,,,,,,,,,,,,,,,,,,,,,,,,,,,,,,,,,,,,,,,,,,,,,,,,,,,,,,,,,,,,,,| (39037)
143       	52.1665     	64.0        	2567        	5221917   	|,,,,,,,,,,,,,,,,,,,,,,,,,,,,,,,,,,,,,,,,,,,,,,,,,,,,,,,,,,,,,,,,| (38141)
144       	52.2700     	64.0        	2539        	5221917   	|,,,,,,,,,,,,,,,,,,,,,,,,,,,,,,,,,,,,,,,,,,,,,,,,,,,,,,,,,,,,,,,,| (39805)
145       	52.2307     	64.0        	2545        	5221917   	|,,,,,,,,,,,,,,,,,,,,,,,,,,,,,,,,,,,,,,,,,,,,,,,,,,,,,,,,,,,,,,,,| (40190)
146       	52.0377     	64.0        	2544        	5221917   	|,,,,,,,,,,,,,,,,,,,,,,,,,,,,,,,,,,,,,,,,,,,,,,,,,,,,,,,,,,,,,,,,| (41470)
147       	52.0923     	64.0        	2504        	5221917   	|,,,,,,,,,,,,,,,,,,,,,,,,,,,,,,,,,,,,,,,,,,,,,,,,,,,,,,,,,,,,,,,,| (42747)
148       	52.0234     	64.0        	2499        	6170670   	|,,,,,,,,,,,,,,,,,,,,,,,,,,,,,,,,,,,,,,,,,,,,,,,,,,,,,,,,,,,,,,,,| (41597)
149       	52.0368     	64.0        	2495        	5221917   	|,,,,,,,,,,,,,,,,,,,,,,,,,,,,,,,,,,,,,,,,,,,,,,,,,,,,,,,,,,,,,,,,| (40188)
150       	52.1655     	64.0        	2473        	5221917   	|,,,,,,,,,,,,,,,,,,,,,,,,,,,,,,,,,,,,,,,,,,,,,,,,,,,,,,,,,,,,,,,,| (38653)
151       	52.1966     	64.0        	2506        	5221917   	|,,,,,,,,,,,,,,,,,,,,,,,,,,,,,,,,,,,,,,,,,,,,,,,,,,,,,,,,,,,,,,,,| (37246)
152       	52.1613     	64.0        	2507        	5221917   	|,,,,,,,,,,,,,,,,,,,,,,,,,,,,,,,,,,,,,,,,,,,,,,,,,,,,,,,,,,,,,,,,| (38012)
153       	52.1878     	64.0        	2451        	5221917   	|,,,,,,,,,,,,,,,,,,,,,,,,,,,,,,,,,,,,,,,,,,,,,,,,,,,,,,,,,,,,,,,,| (36091)
154       	52.1996     	64.0        	2474        	6170670   	|,,,,,,,,,,,,,,,,,,,,,,,,,,,,,,,,,,,,,,,,,,,,,,,,,,,,,,,,,,,,,,,,| (39164)
155       	52.2181     	64.0        	2400        	6170670   	|,,,,,,,,,,,,,,,,,,,,,,,,,,,,,,,,,,,,,,,,,,,,,,,,,,,,,,,,,,,,,,,,| (39291)
156       	52.2886     	64.0        	2428        	5221917   	|,,,,,,,,,,,,,,,,,,,,,,,,,,,,,,,,,,,,,,,,,,,,,,,,,,,,,,,,,,,,,,,,| (37372)
157       	52.3399     	64.0        	2337        	6170670   	|,,,,,,,,,,,,,,,,,,,,,,,,,,,,,,,,,,,,,,,,,,,,,,,,,,,,,,,,,,,,,,,,| (40317)
158       	52.2551     	64.0        	2432        	6170670   	|,,,,,,,,,,,,,,,,,,,,,,,,,,,,,,,,,,,,,,,,,,,,,,,,,,,,,,,,,,,,,,,,| (41213)
159       	52.4399     	64.0        	2388        	6170670   	|,,,,,,,,,,,,,,,,,,,,,,,,,,,,,,,,,,,,,,,,,,,,,,,,,,,,,,,,,,,,,,,,| (41467)
160       	52.4462     	64.0        	2397        	6170670   	|,,,,,,,,,,,,,,,,,,,,,,,,,,,,,,,,,,,,,,,,,,,,,,,,,,,,,,,,,,,,,,,,| (39035)
161       	52.3094     	64.0        	2357        	5221917   	|,,,,,,,,,,,,,,,,,,,,,,,,,,,,,,,,,,,,,,,,,,,,,,,,,,,,,,,,,,,,,,,,| (40315)
162       	52.2268     	64.0        	2301        	5221917   	|,,,,,,,,,,,,,,,,,,,,,,,,,,,,,,,,,,,,,,,,,,,,,,,,,,,,,,,,,,,,,,,,| (39166)
163       	52.2586     	64.0        	2352        	5221917   	|,,,,,,,,,,,,,,,,,,,,,,,,,,,,,,,,,,,,,,,,,,,,,,,,,,,,,,,,,,,,,,,,| (41851)
164       	52.3062     	64.0        	2364        	5592780   	|,,,,,,,,,,,,,,,,,,,,,,,,,,,,,,,,,,,,,,,,,,,,,,,,,,,,,,,,,,,,,,,,| (39931)
165       	52.2749     	64.0        	2354        	6170670   	|,,,,,,,,,,,,,,,,,,,,,,,,,,,,,,,,,,,,,,,,,,,,,,,,,,,,,,,,,,,,,,,,| (38905)
166       	52.2981     	64.0        	2385        	5221917   	|,,,,,,,,,,,,,,,,,,,,,,,,,,,,,,,,,,,,,,,,,,,,,,,,,,,,,,,,,,,,,,,,| (38652)
167       	52.3163     	64.0        	2362        	5221917   	|,,,,,,,,,,,,,,,,,,,,,,,,,,,,,,,,,,,,,,,,,,,,,,,,,,,,,,,,,,,,,,,,| (37757)
168       	52.2630     	64.0        	2375        	5221917   	|,,,,,,,,,,,,,,,,,,,,,,,,,,,,,,,,,,,,,,,,,,,,,,,,,,,,,,,,,,,,,,,,| (38782)
169       	52.1961     	64.0        	2301        	2691510   	|,,,,,,,,,,,,,,,,,,,,,,,,,,,,,,,,,,,,,,,,,,,,,,,,,,,,,,,,,,,,,,,,| (39547)
170       	52.2388     	64.0        	2317        	2691510   	|,,,,,,,,,,,,,,,,,,,,,,,,,,,,,,,,,,,,,,,,,,,,,,,,,,,,,,,,,,,,,,,,| (38524)
171       	52.2653     	64.0        	2343        	2691510   	|,,,,,,,,,,,,,,,,,,,,,,,,,,,,,,,,,,,,,,,,,,,,,,,,,,,,,,,,,,,,,,,,| (37756)
172       	52.2883     	64.0        	2328        	2691510   	|,,,,,,,,,,,,,,,,,,,,,,,,,,,,,,,,,,,,,,,,,,,,,,,,,,,,,,,,,,,,,,,,| (40187)
173       	52.2800     	64.0        	2315        	2691510   	|,,,,,,,,,,,,,,,,,,,,,,,,,,,,,,,,,,,,,,,,,,,,,,,,,,,,,,,,,,,,,,,,| (44407)
174       	52.3463     	64.0        	2305        	2691510   	|,,,,,,,,,,,,,,,,,,,,,,,,,,,,,,,,,,,,,,,,,,,,,,,,,,,,,,,,,,,,,,,,| (45756)
175       	52.2575     	64.0        	2299        	2691510   	|,,,,,,,,,,,,,,,,,,,,,,,,,,,,,,,,,,,,,,,,,,,,,,,,,,,,,,,,,,,,,,,,| (45051)
176       	52.3000     	64.0        	2268        	2691510   	|,,,,,,,,,,,,,,,,,,,,,,,,,,,,,,,,,,,,,,,,,,,,,,,,,,,,,,,,,,,,,,,,| (45181)
177       	52.3055     	64.0        	2279        	2691510   	|,,,,,,,,,,,,,,,,,,,,,,,,,,,,,,,,,,,,,,,,,,,,,,,,,,,,,,,,,,,,,,,,| (44025)
178       	52.2883     	64.0        	2231        	2691510   	|,,,,,,,,,,,,,,,,,,,,,,,,,,,,,,,,,,,,,,,,,,,,,,,,,,,,,,,,,,,,,,,,| (44540)
179       	52.3002     	64.0        	2289        	2691510   	|,,,,,,,,,,,,,,,,,,,,,,,,,,,,,,,,,,,,,,,,,,,,,,,,,,,,,,,,,,,,,,,,| (42363)
180       	52.2155     	64.0        	2254        	5221917   	|,,,,,,,,,,,,,,,,,,,,,,,,,,,,,,,,,,,,,,,,,,,,,,,,,,,,,,,,,,,,,,,,| (44156)
181       	52.2240     	64.0        	2263        	2691510   	|,,,,,,,,,,,,,,,,,,,,,,,,,,,,,,,,,,,,,,,,,,,,,,,,,,,,,,,,,,,,,,,,| (42234)
182       	52.1748     	64.0        	2263        	2691510   	|,,,,,,,,,,,,,,,,,,,,,,,,,,,,,,,,,,,,,,,,,,,,,,,,,,,,,,,,,,,,,,,,| (44025)
183       	52.2588     	64.0        	2234        	2691510   	|,,,,,,,,,,,,,,,,,,,,,,,,,,,,,,,,,,,,,,,,,,,,,,,,,,,,,,,,,,,,,,,,| (43902)
184       	52.2214     	64.0        	2237        	6170670   	|,,,,,,,,,,,,,,,,,,,,,,,,,,,,,,,,,,,,,,,,,,,,,,,,,,,,,,,,,,,,,,,,| (41082)
185       	52.2939     	64.0        	2274        	6170670   	|,,,,,,,,,,,,,,,,,,,,,,,,,,,,,,,,,,,,,,,,,,,,,,,,,,,,,,,,,,,,,,,,| (41722)
186       	52.3251     	64.0        	2189        	5592780   	|,,,,,,,,,,,,,,,,,,,,,,,,,,,,,,,,,,,,,,,,,,,,,,,,,,,,,,,,,,,,,,,,| (39805)
187       	52.3818     	64.0        	2261        	5592780   	|,,,,,,,,,,,,,,,,,,,,,,,,,,,,,,,,,,,,,,,,,,,,,,,,,,,,,,,,,,,,,,,,| (41212)
188       	52.3096     	64.0        	2187        	2691510   	|,,,,,,,,,,,,,,,,,,,,,,,,,,,,,,,,,,,,,,,,,,,,,,,,,,,,,,,,,,,,,,,,| (40572)
189       	52.3258     	64.0        	2218        	2691510   	|,,,,,,,,,,,,,,,,,,,,,,,,,,,,,,,,,,,,,,,,,,,,,,,,,,,,,,,,,,,,,,,,| (41340)
190       	52.5116     	64.0        	2166        	2691510   	|,,,,,,,,,,,,,,,,,,,,,,,,,,,,,,,,,,,,,,,,,,,,,,,,,,,,,,,,,,,,,,,,| (41344)
191       	52.5412     	64.0        	2191        	5592780   	|,,,,,,,,,,,,,,,,,,,,,,,,,,,,,,,,,,,,,,,,,,,,,,,,,,,,,,,,,,,,,,,,| (40061)
192       	52.4919     	64.0        	2164        	5592780   	|,,,,,,,,,,,,,,,,,,,,,,,,,,,,,,,,,,,,,,,,,,,,,,,,,,,,,,,,,,,,,,,,| (41727)
193       	52.4652     	64.0        	2222        	5592780   	|,,,,,,,,,,,,,,,,,,,,,,,,,,,,,,,,,,,,,,,,,,,,,,,,,,,,,,,,,,,,,,,,| (42240)
194       	52.4238     	64.0        	2131        	5592780   	|,,,,,,,,,,,,,,,,,,,,,,,,,,,,,,,,,,,,,,,,,,,,,,,,,,,,,,,,,,,,,,,,| (41468)
195       	52.3156     	64.0        	2212        	5592780   	|,,,,,,,,,,,,,,,,,,,,,,,,,,,,,,,,,,,,,,,,,,,,,,,,,,,,,,,,,,,,,,,,| (40702)
196       	52.3678     	64.0        	2164        	4544399   	|,,,,,,,,,,,,,,,,,,,,,,,,,,,,,,,,,,,,,,,,,,,,,,,,,,,,,,,,,,,,,,,,| (41216)
197       	52.3253     	64.0        	2161        	4544399   	|,,,,,,,,,,,,,,,,,,,,,,,,,,,,,,,,,,,,,,,,,,,,,,,,,,,,,,,,,,,,,,,,| (42493)
198       	52.3038     	64.0        	2143        	5592780   	|,,,,,,,,,,,,,,,,,,,,,,,,,,,,,,,,,,,,,,,,,,,,,,,,,,,,,,,,,,,,,,,,| (48635)
199       	52.3775     	64.0        	2119        	5592780   	|,,,,,,,,,,,,,,,,,,,,,,,,,,,,,,,,,,,,,,,,,,,,,,,,,,,,,,,,,,,,,,,,| (51322)
200       	52.3517     	64.0        	2170        	5592780   	|,,,,,,,,,,,,,,,,,,,,,,,,,,,,,,,,,,,,,,,,,,,,,,,,,,,,,,,,,,,,,,,,| (51325)
201       	52.2406     	64.0        	2132        	5592780   	|,,,,,,,,,,,,,,,,,,,,,,,,,,,,,,,,,,,,,,,,,,,,,,,,,,,,,,,,,,,,,,,,| (51962)
202       	52.2261     	64.0        	2105        	5592780   	|,,,,,,,,,,,,,,,,,,,,,,,,,,,,,,,,,,,,,,,,,,,,,,,,,,,,,,,,,,,,,,,,| (50429)
203       	52.1852     	64.0        	2108        	5592780   	|,,,,,,,,,,,,,,,,,,,,,,,,,,,,,,,,,,,,,,,,,,,,,,,,,,,,,,,,,,,,,,,,| (51192)
204       	52.1595     	64.0        	2166        	5592780   	|,,,,,,,,,,,,,,,,,,,,,,,,,,,,,,,,,,,,,,,,,,,,,,,,,,,,,,,,,,,,,,,,| (52092)
205       	52.2378     	64.0        	2126        	5592780   	|,,,,,,,,,,,,,,,,,,,,,,,,,,,,,,,,,,,,,,,,,,,,,,,,,,,,,,,,,,,,,,,,| (47611)
206       	52.1758     	64.0        	2106        	5592780   	|,,,,,,,,,,,,,,,,,,,,,,,,,,,,,,,,,,,,,,,,,,,,,,,,,,,,,,,,,,,,,,,,| (47992)
207       	52.2234     	64.0        	2111        	5592780   	|,,,,,,,,,,,,,,,,,,,,,,,,,,,,,,,,,,,,,,,,,,,,,,,,,,,,,,,,,,,,,,,,| (48439)
208       	52.1724     	64.0        	2133        	5592780   	|,,,,,,,,,,,,,,,,,,,,,,,,,,,,,,,,,,,,,,,,,,,,,,,,,,,,,,,,,,,,,,,,| (47742)
209       	52.2436     	64.0        	2085        	4544399   	|,,,,,,,,,,,,,,,,,,,,,,,,,,,,,,,,,,,,,,,,,,,,,,,,,,,,,,,,,,,,,,,,| (45945)
210       	52.2069     	64.0        	2065        	5592780   	|,,,,,,,,,,,,,,,,,,,,,,,,,,,,,,,,,,,,,,,,,,,,,,,,,,,,,,,,,,,,,,,,| (47225)
211       	52.2119     	64.0        	2059        	5592780   	|,,,,,,,,,,,,,,,,,,,,,,,,,,,,,,,,,,,,,,,,,,,,,,,,,,,,,,,,,,,,,,,,| (49532)
212       	52.2031     	64.0        	2109        	5592780   	|,,,,,,,,,,,,,,,,,,,,,,,,,,,,,,,,,,,,,,,,,,,,,,,,,,,,,,,,,,,,,,,,| (50426)
213       	52.1826     	64.0        	2041        	5592780   	|,,,,,,,,,,,,,,,,,,,,,,,,,,,,,,,,,,,,,,,,,,,,,,,,,,,,,,,,,,,,,,,,| (47612)
214       	52.0877     	64.0        	2043        	5592780   	|,,,,,,,,,,,,,,,,,,,,,,,,,,,,,,,,,,,,,,,,,,,,,,,,,,,,,,,,,,,,,,,,| (46715)
215       	52.1203     	64.0        	2066        	5592780   	|,,,,,,,,,,,,,,,,,,,,,,,,,,,,,,,,,,,,,,,,,,,,,,,,,,,,,,,,,,,,,,,,| (46329)
216       	52.1929     	64.0        	2104        	5592780   	|,,,,,,,,,,,,,,,,,,,,,,,,,,,,,,,,,,,,,,,,,,,,,,,,,,,,,,,,,,,,,,,,| (46460)
217       	52.1465     	64.0        	2010        	5592780   	|,,,,,,,,,,,,,,,,,,,,,,,,,,,,,,,,,,,,,,,,,,,,,,,,,,,,,,,,,,,,,,,,| (45949)
218       	52.2131     	64.0        	2056        	5592780   	|,,,,,,,,,,,,,,,,,,,,,,,,,,,,,,,,,,,,,,,,,,,,,,,,,,,,,,,,,,,,,,,,| (44540)
219       	52.1262     	64.0        	2071        	5592780   	|,,,,,,,,,,,,,,,,,,,,,,,,,,,,,,,,,,,,,,,,,,,,,,,,,,,,,,,,,,,,,,,,| (46719)
220       	52.1900     	64.0        	2025        	5592780   	|,,,,,,,,,,,,,,,,,,,,,,,,,,,,,,,,,,,,,,,,,,,,,,,,,,,,,,,,,,,,,,,,| (48509)
221       	52.1256     	64.0        	2048        	5592780   	|,,,,,,,,,,,,,,,,,,,,,,,,,,,,,,,,,,,,,,,,,,,,,,,,,,,,,,,,,,,,,,,,| (48123)
222       	52.0361     	64.0        	2025        	5592780   	|,,,,,,,,,,,,,,,,,,,,,,,,,,,,,,,,,,,,,,,,,,,,,,,,,,,,,,,,,,,,,,,,| (48187)
223       	52.0099     	64.0        	2007        	4544399   	|,,,,,,,,,,,,,,,,,,,,,,,,,,,,,,,,,,,,,,,,,,,,,,,,,,,,,,,,,,,,,,,,| (45562)
224       	52.0238     	64.0        	2037        	4544399   	|,,,,,,,,,,,,,,,,,,,,,,,,,,,,,,,,,,,,,,,,,,,,,,,,,,,,,,,,,,,,,,,,| (44669)
225       	51.9320     	64.0        	2077        	5592780   	|,,,,,,,,,,,,,,,,,,,,,,,,,,,,,,,,,,,,,,,,,,,,,,,,,,,,,,,,,,,,,,,,| (47358)
226       	51.8652     	64.0        	2055        	4544399   	|,,,,,,,,,,,,,,,,,,,,,,,,,,,,,,,,,,,,,,,,,,,,,,,,,,,,,,,,,,,,,,,,| (48255)
227       	51.7581     	64.0        	2015        	5592780   	|,,,,,,,,,,,,,,,,,,,,,,,,,,,,,,,,,,,,,,,,,,,,,,,,,,,,,,,,,,,,,,,,| (46974)
228       	51.7792     	64.0        	2092        	5592780   	|,,,,,,,,,,,,,,,,,,,,,,,,,,,,,,,,,,,,,,,,,,,,,,,,,,,,,,,,,,,,,,,,| (45946)
229       	51.7784     	64.0        	2045        	4544399   	|,,,,,,,,,,,,,,,,,,,,,,,,,,,,,,,,,,,,,,,,,,,,,,,,,,,,,,,,,,,,,,,,| (45438)
230       	51.8431     	64.0        	2010        	1164323   	|,,,,,,,,,,,,,,,,,,,,,,,,,,,,,,,,,,,,,,,,,,,,,,,,,,,,,,,,,,,,,,,,| (45946)
231       	51.7841     	64.0        	2011        	1164323   	|,,,,,,,,,,,,,,,,,,,,,,,,,,,,,,,,,,,,,,,,,,,,,,,,,,,,,,,,,,,,,,,,| (47099)
232       	51.7158     	64.0        	1965        	8222127   	|,,,,,,,,,,,,,,,,,,,,,,,,,,,,,,,,,,,,,,,,,,,,,,,,,,,,,,,,,,,,,,,,| (47741)
233       	51.6859     	64.0        	2021        	8222127   	|,,,,,,,,,,,,,,,,,,,,,,,,,,,,,,,,,,,,,,,,,,,,,,,,,,,,,,,,,,,,,,,,| (46971)
234       	51.6647     	64.0        	1964        	5408665   	|,,,,,,,,,,,,,,,,,,,,,,,,,,,,,,,,,,,,,,,,,,,,,,,,,,,,,,,,,,,,,,,,| (46974)
235       	51.6422     	64.0        	1952        	8222127   	|,,,,,,,,,,,,,,,,,,,,,,,,,,,,,,,,,,,,,,,,,,,,,,,,,,,,,,,,,,,,,,,,| (47098)
236       	51.6064     	64.0        	1987        	5408665   	|,,,,,,,,,,,,,,,,,,,,,,,,,,,,,,,,,,,,,,,,,,,,,,,,,,,,,,,,,,,,,,,,| (47483)
237       	51.6343     	64.0        	1981        	5408665   	|,,,,,,,,,,,,,,,,,,,,,,,,,,,,,,,,,,,,,,,,,,,,,,,,,,,,,,,,,,,,,,,,| (50301)
238       	51.5534     	64.0        	1971        	8222127   	|,,,,,,,,,,,,,,,,,,,,,,,,,,,,,,,,,,,,,,,,,,,,,,,,,,,,,,,,,,,,,,,,| (48893)
239       	51.5764     	64.0        	1952        	8222127   	|,,,,,,,,,,,,,,,,,,,,,,,,,,,,,,,,,,,,,,,,,,,,,,,,,,,,,,,,,,,,,,,,| (48893)
240       	51.5824     	64.0        	1939        	8222127   	|,,,,,,,,,,,,,,,,,,,,,,,,,,,,,,,,,,,,,,,,,,,,,,,,,,,,,,,,,,,,,,,,| (49533)
241       	51.3995     	64.0        	1969        	8222127   	|,,,,,,,,,,,,,,,,,,,,,,,,,,,,,,,,,,,,,,,,,,,,,,,,,,,,,,,,,,,,,,,,| (49148)
242       	51.5117     	64.0        	1979        	5408665   	|,,,,,,,,,,,,,,,,,,,,,,,,,,,,,,,,,,,,,,,,,,,,,,,,,,,,,,,,,,,,,,,,| (49790)
243       	51.6037     	64.0        	1975        	5408665   	|,,,,,,,,,,,,,,,,,,,,,,,,,,,,,,,,,,,,,,,,,,,,,,,,,,,,,,,,,,,,,,,,| (52350)
244       	51.5534     	64.0        	1948        	5408665   	|,,,,,,,,,,,,,,,,,,,,,,,,,,,,,,,,,,,,,,,,,,,,,,,,,,,,,,,,,,,,,,,,| (53757)
245       	51.6712     	64.0        	1951        	5408665   	|,,,,,,,,,,,,,,,,,,,,,,,,,,,,,,,,,,,,,,,,,,,,,,,,,,,,,,,,,,,,,,,,| (53629)
246       	51.8214     	64.0        	2007        	5408665   	|,,,,,,,,,,,,,,,,,,,,,,,,,,,,,,,,,,,,,,,,,,,,,,,,,,,,,,,,,,,,,,,,| (55419)
247       	51.9164     	64.0        	1949        	8222127   	|,,,,,,,,,,,,,,,,,,,,,,,,,,,,,,,,,,,,,,,,,,,,,,,,,,,,,,,,,,,,,,,,| (53245)
248       	51.8470     	64.0        	1955        	8222127   	|,,,,,,,,,,,,,,,,,,,,,,,,,,,,,,,,,,,,,,,,,,,,,,,,,,,,,,,,,,,,,,,,| (53878)
249       	51.8244     	64.0        	1932        	8222127   	|,,,,,,,,,,,,,,,,,,,,,,,,,,,,,,,,,,,,,,,,,,,,,,,,,,,,,,,,,,,,,,,,| (52603)
250       	51.7684     	64.0        	1937        	5408665   	|,,,,,,,,,,,,,,,,,,,,,,,,,,,,,,,,,,,,,,,,,,,,,,,,,,,,,,,,,,,,,,,,| (50938)
251       	51.7626     	64.0        	1925        	5408665   	|,,,,,,,,,,,,,,,,,,,,,,,,,,,,,,,,,,,,,,,,,,,,,,,,,,,,,,,,,,,,,,,,| (53622)
252       	51.7217     	64.0        	1940        	5408665   	|,,,,,,,,,,,,,,,,,,,,,,,,,,,,,,,,,,,,,,,,,,,,,,,,,,,,,,,,,,,,,,,,| (51707)
253       	51.7518     	64.0        	1944        	5408665   	|,,,,,,,,,,,,,,,,,,,,,,,,,,,,,,,,,,,,,,,,,,,,,,,,,,,,,,,,,,,,,,,,| (50683)
254       	51.7319     	64.0        	1901        	5408665   	|,,,,,,,,,,,,,,,,,,,,,,,,,,,,,,,,,,,,,,,,,,,,,,,,,,,,,,,,,,,,,,,,| (51195)
255       	51.7693     	64.0        	1946        	5408665   	|,,,,,,,,,,,,,,,,,,,,,,,,,,,,,,,,,,,,,,,,,,,,,,,,,,,,,,,,,,,,,,,,| (50172)
256       	51.8535     	64.0        	1911        	7446395   	|,,,,,,,,,,,,,,,,,,,,,,,,,,,,,,,,,,,,,,,,,,,,,,,,,,,,,,,,,,,,,,,,| (52093)
257       	51.7196     	64.0        	1869        	7446395   	|,,,,,,,,,,,,,,,,,,,,,,,,,,,,,,,,,,,,,,,,,,,,,,,,,,,,,,,,,,,,,,,,| (53244)
258       	51.6818     	64.0        	1871        	7446395   	|,,,,,,,,,,,,,,,,,,,,,,,,,,,,,,,,,,,,,,,,,,,,,,,,,,,,,,,,,,,,,,,,| (52347)
259       	51.7250     	64.0        	1885        	8222127   	|,,,,,,,,,,,,,,,,,,,,,,,,,,,,,,,,,,,,,,,,,,,,,,,,,,,,,,,,,,,,,,,,| (53115)
260       	51.7066     	64.0        	1874        	8222127   	|,,,,,,,,,,,,,,,,,,,,,,,,,,,,,,,,,,,,,,,,,,,,,,,,,,,,,,,,,,,,,,,,| (53753)
261       	51.6483     	64.0        	1902        	8222127   	|,,,,,,,,,,,,,,,,,,,,,,,,,,,,,,,,,,,,,,,,,,,,,,,,,,,,,,,,,,,,,,,,| (50174)
262       	51.5780     	64.0        	1898        	8222127   	|,,,,,,,,,,,,,,,,,,,,,,,,,,,,,,,,,,,,,,,,,,,,,,,,,,,,,,,,,,,,,,,,| (51838)
263       	51.5639     	64.0        	1890        	6170670   	|,,,,,,,,,,,,,,,,,,,,,,,,,,,,,,,,,,,,,,,,,,,,,,,,,,,,,,,,,,,,,,,,| (48379)
264       	51.6662     	64.0        	1859        	5408665   	|,,,,,,,,,,,,,,,,,,,,,,,,,,,,,,,,,,,,,,,,,,,,,,,,,,,,,,,,,,,,,,,,| (49664)
265       	51.7195     	64.0        	1898        	6170670   	|,,,,,,,,,,,,,,,,,,,,,,,,,,,,,,,,,,,,,,,,,,,,,,,,,,,,,,,,,,,,,,,,| (51703)
266       	51.6541     	64.0        	1908        	6170670   	|,,,,,,,,,,,,,,,,,,,,,,,,,,,,,,,,,,,,,,,,,,,,,,,,,,,,,,,,,,,,,,,,| (51708)
267       	51.6770     	64.0        	1881        	6170670   	|,,,,,,,,,,,,,,,,,,,,,,,,,,,,,,,,,,,,,,,,,,,,,,,,,,,,,,,,,,,,,,,,| (50680)
268       	51.8225     	64.0        	1916        	6170670   	|,,,,,,,,,,,,,,,,,,,,,,,,,,,,,,,,,,,,,,,,,,,,,,,,,,,,,,,,,,,,,,,,| (52605)
269       	51.7173     	64.0        	1870        	6170670   	|,,,,,,,,,,,,,,,,,,,,,,,,,,,,,,,,,,,,,,,,,,,,,,,,,,,,,,,,,,,,,,,,| (51707)
270       	51.6935     	64.0        	1911        	270707    	|                                                                | (48570)
271       	51.5664     	64.0        	1854        	270707    	|                                                                | (47739)
272       	51.5380     	64.0        	1866        	270707    	|                                                                | (48757)
273       	51.5654     	64.0        	1821        	270707    	|                                                                | (48885)
274       	51.5115     	64.0        	1853        	270707    	|                                                                | (50422)
275       	51.4595     	64.0        	1824        	6170670   	|,,,,,,,,,,,,,,,,,,,,,,,,,,,,,,,,,,,,,,,,,,,,,,,,,,,,,,,,,,,,,,,,| (49917)
276       	51.6039     	64.0        	1859        	6170670   	|,,,,,,,,,,,,,,,,,,,,,,,,,,,,,,,,,,,,,,,,,,,,,,,,,,,,,,,,,,,,,,,,| (50300)
277       	51.6028     	64.0        	1848        	270707    	|                                                                | (52662)
278       	51.6007     	64.0        	1812        	270707    	|                                                                | (51446)
279       	51.5821     	64.0        	1784        	6170670   	|,,,,,,,,,,,,,,,,,,,,,,,,,,,,,,,,,,,,,,,,,,,,,,,,,,,,,,,,,,,,,,,,| (51963)
280       	51.5514     	64.0        	1814        	270707    	|                                                                | (54841)
281       	51.3984     	64.0        	1825        	270707    	|                                                                | (56505)
282       	51.3378     	64.0        	1807        	270707    	|                                                                | (56953)
283       	51.3109     	64.0        	1810        	270707    	|                                                                | (58544)
284       	51.2618     	64.0        	1789        	270707    	|                                                                | (56311)
285       	51.1968     	64.0        	1789        	270707    	|                                                                | (55227)
286       	51.1029     	64.0        	1813        	270707    	|                                                                | (54648)
287       	51.1273     	64.0        	1853        	7446395   	|,,,,,,,,,,,,,,,,,,,,,,,,,,,,,,,,,,,,,,,,,,,,,,,,,,,,,,,,,,,,,,,,| (58361)
288       	51.0556     	64.0        	1788        	7446395   	|,,,,,,,,,,,,,,,,,,,,,,,,,,,,,,,,,,,,,,,,,,,,,,,,,,,,,,,,,,,,,,,,| (59386)
289       	51.1363     	64.0        	1785        	2111942   	|,,,,,,,,,,,,,,,,,,,,,,,,,,,,,,,,,,,,,,,,,,,,,,,,,,,,,,,,,,,,,,,,| (59711)
290       	51.0862     	64.0        	1825        	2111942   	|,,,,,,,,,,,,,,,,,,,,,,,,,,,,,,,,,,,,,,,,,,,,,,,,,,,,,,,,,,,,,,,,| (59709)
291       	51.0657     	64.0        	1786        	7446395   	|,,,,,,,,,,,,,,,,,,,,,,,,,,,,,,,,,,,,,,,,,,,,,,,,,,,,,,,,,,,,,,,,| (60924)
292       	51.0080     	64.0        	1856        	7446395   	|,,,,,,,,,,,,,,,,,,,,,,,,,,,,,,,,,,,,,,,,,,,,,,,,,,,,,,,,,,,,,,,,| (62585)
293       	50.9757     	64.0        	1805        	7446395   	|,,,,,,,,,,,,,,,,,,,,,,,,,,,,,,,,,,,,,,,,,,,,,,,,,,,,,,,,,,,,,,,,| (62972)
294       	50.9068     	64.0        	1829        	7446395   	|,,,,,,,,,,,,,,,,,,,,,,,,,,,,,,,,,,,,,,,,,,,,,,,,,,,,,,,,,,,,,,,,| (64889)
295       	50.9564     	64.0        	1794        	7446395   	|,,,,,,,,,,,,,,,,,,,,,,,,,,,,,,,,,,,,,,,,,,,,,,,,,,,,,,,,,,,,,,,,| (65015)
296       	50.9020     	64.0        	1789        	7446395   	|,,,,,,,,,,,,,,,,,,,,,,,,,,,,,,,,,,,,,,,,,,,,,,,,,,,,,,,,,,,,,,,,| (67827)
297       	50.9576     	64.0        	1824        	7446395   	|,,,,,,,,,,,,,,,,,,,,,,,,,,,,,,,,,,,,,,,,,,,,,,,,,,,,,,,,,,,,,,,,| (67965)
298       	50.8636     	64.0        	1859        	7446395   	|,,,,,,,,,,,,,,,,,,,,,,,,,,,,,,,,,,,,,,,,,,,,,,,,,,,,,,,,,,,,,,,,| (69371)
299       	50.7548     	64.0        	1796        	7446395   	|,,,,,,,,,,,,,,,,,,,,,,,,,,,,,,,,,,,,,,,,,,,,,,,,,,,,,,,,,,,,,,,,| (68474)
300       	50.7545     	64.0        	1827        	2111942   	|,,,,,,,,,,,,,,,,,,,,,,,,,,,,,,,,,,,,,,,,,,,,,,,,,,,,,,,,,,,,,,,,| (69368)
301       	50.6619     	64.0        	1741        	2111942   	|,,,,,,,,,,,,,,,,,,,,,,,,,,,,,,,,,,,,,,,,,,,,,,,,,,,,,,,,,,,,,,,,| (69564)
302       	50.6530     	64.0        	1794        	2111942   	|,,,,,,,,,,,,,,,,,,,,,,,,,,,,,,,,,,,,,,,,,,,,,,,,,,,,,,,,,,,,,,,,| (68346)
303       	50.6825     	64.0        	1769        	2111942   	|,,,,,,,,,,,,,,,,,,,,,,,,,,,,,,,,,,,,,,,,,,,,,,,,,,,,,,,,,,,,,,,,| (69307)
304       	50.6223     	64.0        	1746        	2111942   	|,,,,,,,,,,,,,,,,,,,,,,,,,,,,,,,,,,,,,,,,,,,,,,,,,,,,,,,,,,,,,,,,| (65916)
305       	50.6014     	64.0        	1760        	2111942   	|,,,,,,,,,,,,,,,,,,,,,,,,,,,,,,,,,,,,,,,,,,,,,,,,,,,,,,,,,,,,,,,,| (67517)
306       	50.6113     	64.0        	1769        	7446395   	|,,,,,,,,,,,,,,,,,,,,,,,,,,,,,,,,,,,,,,,,,,,,,,,,,,,,,,,,,,,,,,,,| (63868)
307       	50.6742     	64.0        	1709        	7446395   	|,,,,,,,,,,,,,,,,,,,,,,,,,,,,,,,,,,,,,,,,,,,,,,,,,,,,,,,,,,,,,,,,| (65662)
308       	50.7581     	64.0        	1770        	7446395   	|,,,,,,,,,,,,,,,,,,,,,,,,,,,,,,,,,,,,,,,,,,,,,,,,,,,,,,,,,,,,,,,,| (70780)
309       	50.7503     	64.0        	1755        	7446395   	|,,,,,,,,,,,,,,,,,,,,,,,,,,,,,,,,,,,,,,,,,,,,,,,,,,,,,,,,,,,,,,,,| (73339)
310       	50.8168     	64.0        	1749        	7446395   	|,,,,,,,,,,,,,,,,,,,,,,,,,,,,,,,,,,,,,,,,,,,,,,,,,,,,,,,,,,,,,,,,| (71672)
311       	50.8326     	64.0        	1749        	7446395   	|,,,,,,,,,,,,,,,,,,,,,,,,,,,,,,,,,,,,,,,,,,,,,,,,,,,,,,,,,,,,,,,,| (68471)
312       	50.8642     	64.0        	1693        	7446395   	|,,,,,,,,,,,,,,,,,,,,,,,,,,,,,,,,,,,,,,,,,,,,,,,,,,,,,,,,,,,,,,,,| (66937)
313       	50.9033     	64.0        	1729        	7446395   	|,,,,,,,,,,,,,,,,,,,,,,,,,,,,,,,,,,,,,,,,,,,,,,,,,,,,,,,,,,,,,,,,| (63994)
314       	50.8173     	64.0        	1753        	7446395   	|,,,,,,,,,,,,,,,,,,,,,,,,,,,,,,,,,,,,,,,,,,,,,,,,,,,,,,,,,,,,,,,,| (65914)
315       	50.7309     	64.0        	1699        	7446395   	|,,,,,,,,,,,,,,,,,,,,,,,,,,,,,,,,,,,,,,,,,,,,,,,,,,,,,,,,,,,,,,,,| (66426)
316       	50.7550     	64.0        	1743        	7446395   	|,,,,,,,,,,,,,,,,,,,,,,,,,,,,,,,,,,,,,,,,,,,,,,,,,,,,,,,,,,,,,,,,| (66558)
317       	50.7366     	64.0        	1706        	7446395   	|,,,,,,,,,,,,,,,,,,,,,,,,,,,,,,,,,,,,,,,,,,,,,,,,,,,,,,,,,,,,,,,,| (66293)
318       	50.6745     	64.0        	1735        	7446395   	|,,,,,,,,,,,,,,,,,,,,,,,,,,,,,,,,,,,,,,,,,,,,,,,,,,,,,,,,,,,,,,,,| (67195)
319       	50.6055     	64.0        	1770        	7446395   	|,,,,,,,,,,,,,,,,,,,,,,,,,,,,,,,,,,,,,,,,,,,,,,,,,,,,,,,,,,,,,,,,| (66036)
320       	50.5096     	64.0        	1789        	7446395   	|,,,,,,,,,,,,,,,,,,,,,,,,,,,,,,,,,,,,,,,,,,,,,,,,,,,,,,,,,,,,,,,,| (69368)
321       	50.5696     	64.0        	1760        	7446395   	|,,,,,,,,,,,,,,,,,,,,,,,,,,,,,,,,,,,,,,,,,,,,,,,,,,,,,,,,,,,,,,,,| (67833)
322       	50.5817     	64.0        	1742        	7446395   	|,,,,,,,,,,,,,,,,,,,,,,,,,,,,,,,,,,,,,,,,,,,,,,,,,,,,,,,,,,,,,,,,| (70139)
323       	50.6153     	64.0        	1722        	7446395   	|,,,,,,,,,,,,,,,,,,,,,,,,,,,,,,,,,,,,,,,,,,,,,,,,,,,,,,,,,,,,,,,,| (71544)
324       	50.3934     	64.0        	1777        	7446395   	|,,,,,,,,,,,,,,,,,,,,,,,,,,,,,,,,,,,,,,,,,,,,,,,,,,,,,,,,,,,,,,,,| (69498)
325       	50.4361     	64.0        	1726        	7446395   	|,,,,,,,,,,,,,,,,,,,,,,,,,,,,,,,,,,,,,,,,,,,,,,,,,,,,,,,,,,,,,,,,| (70013)
326       	50.5476     	64.0        	1786        	7446395   	|,,,,,,,,,,,,,,,,,,,,,,,,,,,,,,,,,,,,,,,,,,,,,,,,,,,,,,,,,,,,,,,,| (72444)
327       	50.5670     	64.0        	1795        	7446395   	|,,,,,,,,,,,,,,,,,,,,,,,,,,,,,,,,,,,,,,,,,,,,,,,,,,,,,,,,,,,,,,,,| (69370)
328       	50.4568     	64.0        	1758        	7446395   	|,,,,,,,,,,,,,,,,,,,,,,,,,,,,,,,,,,,,,,,,,,,,,,,,,,,,,,,,,,,,,,,,| (67963)
329       	50.7297     	64.0        	1762        	7446395   	|,,,,,,,,,,,,,,,,,,,,,,,,,,,,,,,,,,,,,,,,,,,,,,,,,,,,,,,,,,,,,,,,| (68345)
330       	50.7222     	64.0        	1715        	7446395   	|,,,,,,,,,,,,,,,,,,,,,,,,,,,,,,,,,,,,,,,,,,,,,,,,,,,,,,,,,,,,,,,,| (70645)
331       	50.7373     	64.0        	1703        	7446395   	|,,,,,,,,,,,,,,,,,,,,,,,,,,,,,,,,,,,,,,,,,,,,,,,,,,,,,,,,,,,,,,,,| (70011)
332       	50.6777     	64.0        	1713        	7446395   	|,,,,,,,,,,,,,,,,,,,,,,,,,,,,,,,,,,,,,,,,,,,,,,,,,,,,,,,,,,,,,,,,| (70264)
333       	50.8517     	64.0        	1776        	4570635   	|,,,,,,,,,,,,,,,,,,,,,,,,,,,,,,,,,,,,,,,,,,,,,,,,,,,,,,,,,,,,,,,,| (70779)
334       	50.8936     	64.0        	1713        	4570635   	|,,,,,,,,,,,,,,,,,,,,,,,,,,,,,,,,,,,,,,,,,,,,,,,,,,,,,,,,,,,,,,,,| (70972)
335       	50.9212     	64.0        	1671        	4570635   	|,,,,,,,,,,,,,,,,,,,,,,,,,,,,,,,,,,,,,,,,,,,,,,,,,,,,,,,,,,,,,,,,| (73080)
336       	50.9244     	64.0        	1699        	7446395   	|,,,,,,,,,,,,,,,,,,,,,,,,,,,,,,,,,,,,,,,,,,,,,,,,,,,,,,,,,,,,,,,,| (72568)
337       	50.8903     	64.0        	1675        	7446395   	|,,,,,,,,,,,,,,,,,,,,,,,,,,,,,,,,,,,,,,,,,,,,,,,,,,,,,,,,,,,,,,,,| (71677)
338       	50.9181     	64.0        	1736        	4570635   	|,,,,,,,,,,,,,,,,,,,,,,,,,,,,,,,,,,,,,,,,,,,,,,,,,,,,,,,,,,,,,,,,| (74104)
339       	50.8868     	64.0        	1718        	7446395   	|,,,,,,,,,,,,,,,,,,,,,,,,,,,,,,,,,,,,,,,,,,,,,,,,,,,,,,,,,,,,,,,,| (73847)
340       	50.8765     	64.0        	1736        	7446395   	|,,,,,,,,,,,,,,,,,,,,,,,,,,,,,,,,,,,,,,,,,,,,,,,,,,,,,,,,,,,,,,,,| (76026)
341       	50.8736     	64.0        	1699        	7446395   	|,,,,,,,,,,,,,,,,,,,,,,,,,,,,,,,,,,,,,,,,,,,,,,,,,,,,,,,,,,,,,,,,| (76151)
342       	50.8024     	64.0        	1692        	7446395   	|,,,,,,,,,,,,,,,,,,,,,,,,,,,,,,,,,,,,,,,,,,,,,,,,,,,,,,,,,,,,,,,,| (75638)
343       	50.8083     	64.0        	1689        	7446395   	|,,,,,,,,,,,,,,,,,,,,,,,,,,,,,,,,,,,,,,,,,,,,,,,,,,,,,,,,,,,,,,,,| (74234)
344       	50.8555     	64.0        	1630        	7446395   	|,,,,,,,,,,,,,,,,,,,,,,,,,,,,,,,,,,,,,,,,,,,,,,,,,,,,,,,,,,,,,,,,| (76667)
345       	50.8487     	64.0        	1640        	7446395   	|,,,,,,,,,,,,,,,,,,,,,,,,,,,,,,,,,,,,,,,,,,,,,,,,,,,,,,,,,,,,,,,,| (75387)
346       	50.7915     	64.0        	1670        	7446395   	|,,,,,,,,,,,,,,,,,,,,,,,,,,,,,,,,,,,,,,,,,,,,,,,,,,,,,,,,,,,,,,,,| (72190)
347       	50.8055     	64.0        	1624        	7446395   	|,,,,,,,,,,,,,,,,,,,,,,,,,,,,,,,,,,,,,,,,,,,,,,,,,,,,,,,,,,,,,,,,| (75128)
348       	50.6498     	64.0        	1627        	7446395   	|,,,,,,,,,,,,,,,,,,,,,,,,,,,,,,,,,,,,,,,,,,,,,,,,,,,,,,,,,,,,,,,,| (73342)
349       	50.6041     	64.0        	1612        	7446395   	|,,,,,,,,,,,,,,,,,,,,,,,,,,,,,,,,,,,,,,,,,,,,,,,,,,,,,,,,,,,,,,,,| (73083)
350       	50.6475     	64.0        	1665        	7446395   	|,,,,,,,,,,,,,,,,,,,,,,,,,,,,,,,,,,,,,,,,,,,,,,,,,,,,,,,,,,,,,,,,| (73849)
351       	50.6842     	64.0        	1635        	7446395   	|,,,,,,,,,,,,,,,,,,,,,,,,,,,,,,,,,,,,,,,,,,,,,,,,,,,,,,,,,,,,,,,,| (75770)
352       	50.8069     	64.0        	1667        	7446395   	|,,,,,,,,,,,,,,,,,,,,,,,,,,,,,,,,,,,,,,,,,,,,,,,,,,,,,,,,,,,,,,,,| (77051)
353       	50.7987     	64.0        	1654        	7446395   	|,,,,,,,,,,,,,,,,,,,,,,,,,,,,,,,,,,,,,,,,,,,,,,,,,,,,,,,,,,,,,,,,| (77687)
354       	50.7641     	64.0        	1721        	7446395   	|,,,,,,,,,,,,,,,,,,,,,,,,,,,,,,,,,,,,,,,,,,,,,,,,,,,,,,,,,,,,,,,,| (77436)
355       	50.7498     	64.0        	1652        	7446395   	|,,,,,,,,,,,,,,,,,,,,,,,,,,,,,,,,,,,,,,,,,,,,,,,,,,,,,,,,,,,,,,,,| (74491)
356       	50.7844     	64.0        	1665        	3413519   	|,,,,,,,,,,,,,,,,,,,,,,,,,,,,,,,,,,,,,,,,,,,,,,,,,,,,,,,,,,,,,,,,| (70905)
357       	50.8063     	64.0        	1637        	7446395   	|,,,,,,,,,,,,,,,,,,,,,,,,,,,,,,,,,,,,,,,,,,,,,,,,,,,,,,,,,,,,,,,,| (68090)
358       	50.7911     	64.0        	1674        	7446395   	|,,,,,,,,,,,,,,,,,,,,,,,,,,,,,,,,,,,,,,,,,,,,,,,,,,,,,,,,,,,,,,,,| (70139)
359       	50.7242     	64.0        	1669        	7446395   	|,,,,,,,,,,,,,,,,,,,,,,,,,,,,,,,,,,,,,,,,,,,,,,,,,,,,,,,,,,,,,,,,| (70650)
360       	50.7999     	64.0        	1640        	7446395   	|,,,,,,,,,,,,,,,,,,,,,,,,,,,,,,,,,,,,,,,,,,,,,,,,,,,,,,,,,,,,,,,,| (71034)
361       	50.7858     	64.0        	1698        	7242900   	|,,,,,,,,,,,,,,,,,,,,,,,,,,,,,,,,,,,,,,,,,,,,,,,,,,,,,,,,,,,,,,,,| (72182)
362       	50.8119     	64.0        	1639        	7242900   	|,,,,,,,,,,,,,,,,,,,,,,,,,,,,,,,,,,,,,,,,,,,,,,,,,,,,,,,,,,,,,,,,| (71422)
363       	50.7829     	64.0        	1670        	7242900   	|,,,,,,,,,,,,,,,,,,,,,,,,,,,,,,,,,,,,,,,,,,,,,,,,,,,,,,,,,,,,,,,,| (72444)
364       	50.7061     	64.0        	1666        	7242900   	|,,,,,,,,,,,,,,,,,,,,,,,,,,,,,,,,,,,,,,,,,,,,,,,,,,,,,,,,,,,,,,,,| (71541)
365       	50.8968     	64.0        	1659        	7242900   	|,,,,,,,,,,,,,,,,,,,,,,,,,,,,,,,,,,,,,,,,,,,,,,,,,,,,,,,,,,,,,,,,| (68981)
366       	50.8804     	64.0        	1625        	7242900   	|,,,,,,,,,,,,,,,,,,,,,,,,,,,,,,,,,,,,,,,,,,,,,,,,,,,,,,,,,,,,,,,,| (70518)
367       	50.9207     	64.0        	1633        	7242900   	|,,,,,,,,,,,,,,,,,,,,,,,,,,,,,,,,,,,,,,,,,,,,,,,,,,,,,,,,,,,,,,,,| (68858)
368       	50.7967     	64.0        	1609        	4570635   	|,,,,,,,,,,,,,,,,,,,,,,,,,,,,,,,,,,,,,,,,,,,,,,,,,,,,,,,,,,,,,,,,| (67579)
369       	50.7139     	64.0        	1606        	4570635   	|,,,,,,,,,,,,,,,,,,,,,,,,,,,,,,,,,,,,,,,,,,,,,,,,,,,,,,,,,,,,,,,,| (69628)
370       	50.7295     	64.0        	1656        	4570635   	|,,,,,,,,,,,,,,,,,,,,,,,,,,,,,,,,,,,,,,,,,,,,,,,,,,,,,,,,,,,,,,,,| (70713)
371       	50.7296     	64.0        	1654        	4570635   	|,,,,,,,,,,,,,,,,,,,,,,,,,,,,,,,,,,,,,,,,,,,,,,,,,,,,,,,,,,,,,,,,| (73595)
372       	50.7401     	64.0        	1604        	4570635   	|,,,,,,,,,,,,,,,,,,,,,,,,,,,,,,,,,,,,,,,,,,,,,,,,,,,,,,,,,,,,,,,,| (71482)
373       	50.5925     	64.0        	1627        	4570635   	|,,,,,,,,,,,,,,,,,,,,,,,,,,,,,,,,,,,,,,,,,,,,,,,,,,,,,,,,,,,,,,,,| (70014)
374       	50.4512     	64.0        	1648        	4570635   	|,,,,,,,,,,,,,,,,,,,,,,,,,,,,,,,,,,,,,,,,,,,,,,,,,,,,,,,,,,,,,,,,| (69563)
375       	50.5219     	64.0        	1642        	4570635   	|,,,,,,,,,,,,,,,,,,,,,,,,,,,,,,,,,,,,,,,,,,,,,,,,,,,,,,,,,,,,,,,,| (70652)
376       	50.6250     	64.0        	1648        	4570635   	|,,,,,,,,,,,,,,,,,,,,,,,,,,,,,,,,,,,,,,,,,,,,,,,,,,,,,,,,,,,,,,,,| (69759)
377       	50.7174     	64.0        	1622        	4570635   	|,,,,,,,,,,,,,,,,,,,,,,,,,,,,,,,,,,,,,,,,,,,,,,,,,,,,,,,,,,,,,,,,| (74751)
378       	50.6669     	64.0        	1662        	4570635   	|,,,,,,,,,,,,,,,,,,,,,,,,,,,,,,,,,,,,,,,,,,,,,,,,,,,,,,,,,,,,,,,,| (75003)
379       	50.5700     	64.0        	1650        	4570635   	|,,,,,,,,,,,,,,,,,,,,,,,,,,,,,,,,,,,,,,,,,,,,,,,,,,,,,,,,,,,,,,,,| (72571)
380       	50.4654     	64.0        	1677        	4570635   	|,,,,,,,,,,,,,,,,,,,,,,,,,,,,,,,,,,,,,,,,,,,,,,,,,,,,,,,,,,,,,,,,| (70780)
381       	50.4244     	64.0        	1633        	4570635   	|,,,,,,,,,,,,,,,,,,,,,,,,,,,,,,,,,,,,,,,,,,,,,,,,,,,,,,,,,,,,,,,,| (71994)
382       	50.3304     	64.0        	1610        	4570635   	|,,,,,,,,,,,,,,,,,,,,,,,,,,,,,,,,,,,,,,,,,,,,,,,,,,,,,,,,,,,,,,,,| (72763)
383       	50.3815     	64.0        	1630        	4570635   	|,,,,,,,,,,,,,,,,,,,,,,,,,,,,,,,,,,,,,,,,,,,,,,,,,,,,,,,,,,,,,,,,| (77685)
384       	50.3771     	64.0        	1660        	4570635   	|,,,,,,,,,,,,,,,,,,,,,,,,,,,,,,,,,,,,,,,,,,,,,,,,,,,,,,,,,,,,,,,,| (80629)
385       	50.2945     	64.0        	1669        	4570635   	|,,,,,,,,,,,,,,,,,,,,,,,,,,,,,,,,,,,,,,,,,,,,,,,,,,,,,,,,,,,,,,,,| (79540)
386       	50.2132     	64.0        	1605        	4570635   	|,,,,,,,,,,,,,,,,,,,,,,,,,,,,,,,,,,,,,,,,,,,,,,,,,,,,,,,,,,,,,,,,| (80825)
387       	50.2228     	64.0        	1638        	4570635   	|,,,,,,,,,,,,,,,,,,,,,,,,,,,,,,,,,,,,,,,,,,,,,,,,,,,,,,,,,,,,,,,,| (80763)
388       	50.2246     	64.0        	1656        	4570635   	|,,,,,,,,,,,,,,,,,,,,,,,,,,,,,,,,,,,,,,,,,,,,,,,,,,,,,,,,,,,,,,,,| (84216)
389       	50.2338     	64.0        	1600        	4570635   	|,,,,,,,,,,,,,,,,,,,,,,,,,,,,,,,,,,,,,,,,,,,,,,,,,,,,,,,,,,,,,,,,| (78906)
390       	50.1352     	64.0        	1656        	4570635   	|,,,,,,,,,,,,,,,,,,,,,,,,,,,,,,,,,,,,,,,,,,,,,,,,,,,,,,,,,,,,,,,,| (79546)
391       	50.0147     	64.0        	1665        	7446395   	|,,,,,,,,,,,,,,,,,,,,,,,,,,,,,,,,,,,,,,,,,,,,,,,,,,,,,,,,,,,,,,,,| (75137)
392       	50.0641     	64.0        	1632        	7446395   	|,,,,,,,,,,,,,,,,,,,,,,,,,,,,,,,,,,,,,,,,,,,,,,,,,,,,,,,,,,,,,,,,| (78788)
393       	50.1673     	64.0        	1589        	7446395   	|,,,,,,,,,,,,,,,,,,,,,,,,,,,,,,,,,,,,,,,,,,,,,,,,,,,,,,,,,,,,,,,,| (81414)
394       	50.1887     	64.0        	1557        	7446395   	|,,,,,,,,,,,,,,,,,,,,,,,,,,,,,,,,,,,,,,,,,,,,,,,,,,,,,,,,,,,,,,,,| (82116)
395       	50.1613     	64.0        	1590        	7446395   	|,,,,,,,,,,,,,,,,,,,,,,,,,,,,,,,,,,,,,,,,,,,,,,,,,,,,,,,,,,,,,,,,| (82681)
396       	50.2325     	64.0        	1567        	7446395   	|,,,,,,,,,,,,,,,,,,,,,,,,,,,,,,,,,,,,,,,,,,,,,,,,,,,,,,,,,,,,,,,,| (82998)
397       	50.1939     	64.0        	1652        	7446395   	|,,,,,,,,,,,,,,,,,,,,,,,,,,,,,,,,,,,,,,,,,,,,,,,,,,,,,,,,,,,,,,,,| (82747)
398       	50.2500     	64.0        	1634        	7446395   	|,,,,,,,,,,,,,,,,,,,,,,,,,,,,,,,,,,,,,,,,,,,,,,,,,,,,,,,,,,,,,,,,| (84472)
399       	50.2014     	64.0        	1575        	7446395   	|,,,,,,,,,,,,,,,,,,,,,,,,,,,,,,,,,,,,,,,,,,,,,,,,,,,,,,,,,,,,,,,,| (86200)
400       	50.2231     	64.0        	1589        	7446395   	|,,,,,,,,,,,,,,,,,,,,,,,,,,,,,,,,,,,,,,,,,,,,,,,,,,,,,,,,,,,,,,,,| (85176)
401       	50.2802     	64.0        	1635        	7446395   	|,,,,,,,,,,,,,,,,,,,,,,,,,,,,,,,,,,,,,,,,,,,,,,,,,,,,,,,,,,,,,,,,| (85371)
402       	50.2703     	64.0        	1570        	7446395   	|,,,,,,,,,,,,,,,,,,,,,,,,,,,,,,,,,,,,,,,,,,,,,,,,,,,,,,,,,,,,,,,,| (89017)
403       	50.3185     	64.0        	1596        	7446395   	|,,,,,,,,,,,,,,,,,,,,,,,,,,,,,,,,,,,,,,,,,,,,,,,,,,,,,,,,,,,,,,,,| (85751)
404       	50.3829     	64.0        	1687        	7446395   	|,,,,,,,,,,,,,,,,,,,,,,,,,,,,,,,,,,,,,,,,,,,,,,,,,,,,,,,,,,,,,,,,| (84980)
405       	50.2751     	64.0        	1561        	7446395   	|,,,,,,,,,,,,,,,,,,,,,,,,,,,,,,,,,,,,,,,,,,,,,,,,,,,,,,,,,,,,,,,,| (81976)
406       	50.2691     	64.0        	1578        	7446395   	|,,,,,,,,,,,,,,,,,,,,,,,,,,,,,,,,,,,,,,,,,,,,,,,,,,,,,,,,,,,,,,,,| (79611)
407       	50.2666     	64.0        	1566        	7446395   	|,,,,,,,,,,,,,,,,,,,,,,,,,,,,,,,,,,,,,,,,,,,,,,,,,,,,,,,,,,,,,,,,| (79544)
408       	50.3113     	64.0        	1593        	7446395   	|,,,,,,,,,,,,,,,,,,,,,,,,,,,,,,,,,,,,,,,,,,,,,,,,,,,,,,,,,,,,,,,,| (84027)
409       	50.3600     	64.0        	1568        	7446395   	|,,,,,,,,,,,,,,,,,,,,,,,,,,,,,,,,,,,,,,,,,,,,,,,,,,,,,,,,,,,,,,,,| (84281)
410       	50.3299     	64.0        	1601        	7446395   	|,,,,,,,,,,,,,,,,,,,,,,,,,,,,,,,,,,,,,,,,,,,,,,,,,,,,,,,,,,,,,,,,| (86328)
411       	50.4146     	64.0        	1582        	7446395   	|,,,,,,,,,,,,,,,,,,,,,,,,,,,,,,,,,,,,,,,,,,,,,,,,,,,,,,,,,,,,,,,,| (87034)
412       	50.4557     	64.0        	1589        	7446395   	|,,,,,,,,,,,,,,,,,,,,,,,,,,,,,,,,,,,,,,,,,,,,,,,,,,,,,,,,,,,,,,,,| (89271)
413       	50.4164     	64.0        	1609        	7446395   	|,,,,,,,,,,,,,,,,,,,,,,,,,,,,,,,,,,,,,,,,,,,,,,,,,,,,,,,,,,,,,,,,| (85876)
414       	50.4092     	64.0        	1555        	7446395   	|,,,,,,,,,,,,,,,,,,,,,,,,,,,,,,,,,,,,,,,,,,,,,,,,,,,,,,,,,,,,,,,,| (89208)
415       	50.4095     	64.0        	1636        	7446395   	|,,,,,,,,,,,,,,,,,,,,,,,,,,,,,,,,,,,,,,,,,,,,,,,,,,,,,,,,,,,,,,,,| (87288)
416       	50.3814     	64.0        	1565        	7446395   	|,,,,,,,,,,,,,,,,,,,,,,,,,,,,,,,,,,,,,,,,,,,,,,,,,,,,,,,,,,,,,,,,| (90042)
417       	50.3899     	64.0        	1551        	7446395   	|,,,,,,,,,,,,,,,,,,,,,,,,,,,,,,,,,,,,,,,,,,,,,,,,,,,,,,,,,,,,,,,,| (86200)
418       	50.4723     	64.0        	1532        	7446395   	|,,,,,,,,,,,,,,,,,,,,,,,,,,,,,,,,,,,,,,,,,,,,,,,,,,,,,,,,,,,,,,,,| (88824)
419       	50.4368     	64.0        	1528        	7446395   	|,,,,,,,,,,,,,,,,,,,,,,,,,,,,,,,,,,,,,,,,,,,,,,,,,,,,,,,,,,,,,,,,| (89275)
420       	50.4293     	64.0        	1563        	7446395   	|,,,,,,,,,,,,,,,,,,,,,,,,,,,,,,,,,,,,,,,,,,,,,,,,,,,,,,,,,,,,,,,,| (87223)
421       	50.4473     	64.0        	1600        	7446395   	|,,,,,,,,,,,,,,,,,,,,,,,,,,,,,,,,,,,,,,,,,,,,,,,,,,,,,,,,,,,,,,,,| (85623)
422       	50.4946     	64.0        	1613        	7446395   	|,,,,,,,,,,,,,,,,,,,,,,,,,,,,,,,,,,,,,,,,,,,,,,,,,,,,,,,,,,,,,,,,| (83705)
423       	50.4892     	64.0        	1591        	7446395   	|,,,,,,,,,,,,,,,,,,,,,,,,,,,,,,,,,,,,,,,,,,,,,,,,,,,,,,,,,,,,,,,,| (80895)
424       	50.5051     	64.0        	1561        	7446395   	|,,,,,,,,,,,,,,,,,,,,,,,,,,,,,,,,,,,,,,,,,,,,,,,,,,,,,,,,,,,,,,,,| (83897)
425       	50.4529     	64.0        	1567        	7446395   	|,,,,,,,,,,,,,,,,,,,,,,,,,,,,,,,,,,,,,,,,,,,,,,,,,,,,,,,,,,,,,,,,| (81462)
426       	50.3936     	64.0        	1599        	7446395   	|,,,,,,,,,,,,,,,,,,,,,,,,,,,,,,,,,,,,,,,,,,,,,,,,,,,,,,,,,,,,,,,,| (79862)
427       	50.3417     	64.0        	1560        	7446395   	|,,,,,,,,,,,,,,,,,,,,,,,,,,,,,,,,,,,,,,,,,,,,,,,,,,,,,,,,,,,,,,,,| (80826)
428       	50.4383     	64.0        	1541        	7446395   	|,,,,,,,,,,,,,,,,,,,,,,,,,,,,,,,,,,,,,,,,,,,,,,,,,,,,,,,,,,,,,,,,| (82168)
429       	50.4963     	64.0        	1611        	7446395   	|,,,,,,,,,,,,,,,,,,,,,,,,,,,,,,,,,,,,,,,,,,,,,,,,,,,,,,,,,,,,,,,,| (82107)
430       	50.4991     	64.0        	1598        	7446395   	|,,,,,,,,,,,,,,,,,,,,,,,,,,,,,,,,,,,,,,,,,,,,,,,,,,,,,,,,,,,,,,,,| (81648)
431       	50.4941     	64.0        	1573        	7446395   	|,,,,,,,,,,,,,,,,,,,,,,,,,,,,,,,,,,,,,,,,,,,,,,,,,,,,,,,,,,,,,,,,| (81592)
432       	50.5221     	64.0        	1563        	7446395   	|,,,,,,,,,,,,,,,,,,,,,,,,,,,,,,,,,,,,,,,,,,,,,,,,,,,,,,,,,,,,,,,,| (84857)
433       	50.5130     	64.0        	1516        	7446395   	|                                                                | (79799)
434       	50.4788     	64.0        	1508        	7446395   	|,,,,,,,,,,,,,,,,,,,,,,,,,,,,,,,,,,,,,,,,,,,,,,,,,,,,,,,,,,,,,,,,| (80697)
435       	50.5176     	64.0        	1500        	7446395   	|,,,,,,,,,,,,,,,,,,,,,,,,,,,,,,,,,,,,,,,,,,,,,,,,,,,,,,,,,,,,,,,,| (79483)
436       	50.4944     	64.0        	1527        	4100144   	|,,,,,,,,,,,,,,,,,,,,,,,,,,,,,,,,,,,,,,,,,,,,,,,,,,,,,,,,,,,,,,,,| (77941)
437       	50.4772     	64.0        	1575        	7446395   	|,,,,,,,,,,,,,,,,,,,,,,,,,,,,,,,,,,,,,,,,,,,,,,,,,,,,,,,,,,,,,,,,| (78520)
438       	50.5637     	64.0        	1540        	5408665   	|,,,,,,,,,,,,,,,,,,,,,,,,,,,,,,,,,,,,,,,,,,,,,,,,,,,,,,,,,,,,,,,,| (77691)
439       	50.4315     	64.0        	1552        	5408665   	|,,,,,,,,,,,,,,,,,,,,,,,,,,,,,,,,,,,,,,,,,,,,,,,,,,,,,,,,,,,,,,,,| (79226)
440       	50.4114     	64.0        	1529        	5408665   	|,,,,,,,,,,,,,,,,,,,,,,,,,,,,,,,,,,,,,,,,,,,,,,,,,,,,,,,,,,,,,,,,| (80572)
441       	50.4408     	64.0        	1530        	5408665   	|,,,,,,,,,,,,,,,,,,,,,,,,,,,,,,,,,,,,,,,,,,,,,,,,,,,,,,,,,,,,,,,,| (81273)
442       	50.4693     	64.0        	1522        	5408665   	|,,,,,,,,,,,,,,,,,,,,,,,,,,,,,,,,,,,,,,,,,,,,,,,,,,,,,,,,,,,,,,,,| (80123)
443       	50.4179     	64.0        	1540        	5408665   	|,,,,,,,,,,,,,,,,,,,,,,,,,,,,,,,,,,,,,,,,,,,,,,,,,,,,,,,,,,,,,,,,| (81783)
444       	50.4111     	64.0        	1533        	265955    	|,,,,,,,,,,,,,,,,,,,,,,,,,,,,,,,,,,,,,,,,,,,,,,,,,,,,,,,,,,,,,,,,| (83575)
445       	50.3818     	64.0        	1576        	265955    	|,,,,,,,,,,,,,,,,,,,,,,,,,,,,,,,,,,,,,,,,,,,,,,,,,,,,,,,,,,,,,,,,| (85881)
446       	50.2362     	64.0        	1498        	265955    	|,,,,,,,,,,,,,,,,,,,,,,,,,,,,,,,,,,,,,,,,,,,,,,,,,,,,,,,,,,,,,,,,| (84603)
447       	50.2006     	64.0        	1559        	265955    	|,,,,,,,,,,,,,,,,,,,,,,,,,,,,,,,,,,,,,,,,,,,,,,,,,,,,,,,,,,,,,,,,| (83258)
448       	50.3659     	64.0        	1534        	7446395   	|,,,,,,,,,,,,,,,,,,,,,,,,,,,,,,,,,,,,,,,,,,,,,,,,,,,,,,,,,,,,,,,,| (84210)
449       	50.3473     	64.0        	1514        	265955    	|,,,,,,,,,,,,,,,,,,,,,,,,,,,,,,,,,,,,,,,,,,,,,,,,,,,,,,,,,,,,,,,,| (85555)
450       	50.3764     	64.0        	1490        	265955    	|,,,,,,,,,,,,,,,,,,,,,,,,,,,,,,,,,,,,,,,,,,,,,,,,,,,,,,,,,,,,,,,,| (82618)
451       	50.3087     	64.0        	1520        	7446395   	|,,,,,,,,,,,,,,,,,,,,,,,,,,,,,,,,,,,,,,,,,,,,,,,,,,,,,,,,,,,,,,,,| (83896)
452       	50.3878     	64.0        	1538        	7446395   	|,,,,,,,,,,,,,,,,,,,,,,,,,,,,,,,,,,,,,,,,,,,,,,,,,,,,,,,,,,,,,,,,| (83708)
453       	50.3745     	64.0        	1584        	7446395   	|,,,,,,,,,,,,,,,,,,,,,,,,,,,,,,,,,,,,,,,,,,,,,,,,,,,,,,,,,,,,,,,,| (85241)
454       	50.4193     	64.0        	1506        	5408665   	|,,,,,,,,,,,,,,,,,,,,,,,,,,,,,,,,,,,,,,,,,,,,,,,,,,,,,,,,,,,,,,,,| (80763)
455       	50.3891     	64.0        	1478        	5408665   	|,,,,,,,,,,,,,,,,,,,,,,,,,,,,,,,,,,,,,,,,,,,,,,,,,,,,,,,,,,,,,,,,| (83579)
456       	50.4980     	64.0        	1512        	5408665   	|,,,,,,,,,,,,,,,,,,,,,,,,,,,,,,,,,,,,,,,,,,,,,,,,,,,,,,,,,,,,,,,,| (80502)
457       	50.5840     	64.0        	1569        	7446395   	|,,,,,,,,,,,,,,,,,,,,,,,,,,,,,,,,,,,,,,,,,,,,,,,,,,,,,,,,,,,,,,,,| (82039)
458       	50.5355     	64.0        	1504        	7446395   	|,,,,,,,,,,,,,,,,,,,,,,,,,,,,,,,,,,,,,,,,,,,,,,,,,,,,,,,,,,,,,,,,| (81203)
459       	50.5830     	64.0        	1484        	7446395   	|,,,,,,,,,,,,,,,,,,,,,,,,,,,,,,,,,,,,,,,,,,,,,,,,,,,,,,,,,,,,,,,,| (79672)
460       	50.5778     	64.0        	1466        	7446395   	|,,,,,,,,,,,,,,,,,,,,,,,,,,,,,,,,,,,,,,,,,,,,,,,,,,,,,,,,,,,,,,,,| (79551)
461       	50.5288     	64.0        	1470        	7446395   	|,,,,,,,,,,,,,,,,,,,,,,,,,,,,,,,,,,,,,,,,,,,,,,,,,,,,,,,,,,,,,,,,| (79160)
462       	50.6408     	64.0        	1514        	7446395   	|,,,,,,,,,,,,,,,,,,,,,,,,,,,,,,,,,,,,,,,,,,,,,,,,,,,,,,,,,,,,,,,,| (79224)
463       	50.6809     	64.0        	1516        	7446395   	|,,,,,,,,,,,,,,,,,,,,,,,,,,,,,,,,,,,,,,,,,,,,,,,,,,,,,,,,,,,,,,,,| (79162)
464       	50.6801     	64.0        	1474        	265955    	|,,,,,,,,,,,,,,,,,,,,,,,,,,,,,,,,,,,,,,,,,,,,,,,,,,,,,,,,,,,,,,,,| (81141)
465       	50.6899     	64.0        	1501        	265955    	|,,,,,,,,,,,,,,,,,,,,,,,,,,,,,,,,,,,,,,,,,,,,,,,,,,,,,,,,,,,,,,,,| (78201)
466       	50.5691     	64.0        	1449        	5408665   	|,,,,,,,,,,,,,,,,,,,,,,,,,,,,,,,,,,,,,,,,,,,,,,,,,,,,,,,,,,,,,,,,| (79354)
467       	50.7003     	64.0        	1456        	5408665   	|,,,,,,,,,,,,,,,,,,,,,,,,,,,,,,,,,,,,,,,,,,,,,,,,,,,,,,,,,,,,,,,,| (81273)
468       	50.6697     	64.0        	1457        	6170670   	|,,,,,,,,,,,,,,,,,,,,,,,,,,,,,,,,,,,,,,,,,,,,,,,,,,,,,,,,,,,,,,,,| (79482)
469       	50.6917     	64.0        	1493        	6170670   	|,,,,,,,,,,,,,,,,,,,,,,,,,,,,,,,,,,,,,,,,,,,,,,,,,,,,,,,,,,,,,,,,| (79096)
470       	50.5982     	64.0        	1503        	265955    	|,,,,,,,,,,,,,,,,,,,,,,,,,,,,,,,,,,,,,,,,,,,,,,,,,,,,,,,,,,,,,,,,| (78637)
471       	50.6415     	64.0        	1468        	4570635   	|,,,,,,,,,,,,,,,,,,,,,,,,,,,,,,,,,,,,,,,,,,,,,,,,,,,,,,,,,,,,,,,,| (81595)
472       	50.7673     	64.0        	1475        	4570635   	|,,,,,,,,,,,,,,,,,,,,,,,,,,,,,,,,,,,,,,,,,,,,,,,,,,,,,,,,,,,,,,,,| (84797)
473       	50.7114     	64.0        	1453        	4570635   	|,,,,,,,,,,,,,,,,,,,,,,,,,,,,,,,,,,,,,,,,,,,,,,,,,,,,,,,,,,,,,,,,| (84920)
474       	50.8405     	64.0        	1464        	4570635   	|,,,,,,,,,,,,,,,,,,,,,,,,,,,,,,,,,,,,,,,,,,,,,,,,,,,,,,,,,,,,,,,,| (86588)
475       	50.9358     	64.0        	1462        	4570635   	|,,,,,,,,,,,,,,,,,,,,,,,,,,,,,,,,,,,,,,,,,,,,,,,,,,,,,,,,,,,,,,,,| (87738)
476       	51.0081     	64.0        	1426        	4570635   	|,,,,,,,,,,,,,,,,,,,,,,,,,,,,,,,,,,,,,,,,,,,,,,,,,,,,,,,,,,,,,,,,| (86138)
477       	51.1166     	64.0        	1464        	5408665   	|,,,,,,,,,,,,,,,,,,,,,,,,,,,,,,,,,,,,,,,,,,,,,,,,,,,,,,,,,,,,,,,,| (89845)
478       	51.1445     	64.0        	1446        	5408665   	|,,,,,,,,,,,,,,,,,,,,,,,,,,,,,,,,,,,,,,,,,,,,,,,,,,,,,,,,,,,,,,,,| (87930)
479       	51.0353     	64.0        	1440        	4570635   	|,,,,,,,,,,,,,,,,,,,,,,,,,,,,,,,,,,,,,,,,,,,,,,,,,,,,,,,,,,,,,,,,| (90872)
480       	51.1779     	64.0        	1469        	4570635   	|,,,,,,,,,,,,,,,,,,,,,,,,,,,,,,,,,,,,,,,,,,,,,,,,,,,,,,,,,,,,,,,,| (90612)
481       	51.1750     	64.0        	1468        	4570635   	|,,,,,,,,,,,,,,,,,,,,,,,,,,,,,,,,,,,,,,,,,,,,,,,,,,,,,,,,,,,,,,,,| (93431)
482       	51.2290     	64.0        	1475        	4570635   	|,,,,,,,,,,,,,,,,,,,,,,,,,,,,,,,,,,,,,,,,,,,,,,,,,,,,,,,,,,,,,,,,| (94968)
483       	51.1017     	64.0        	1451        	4570635   	|,,,,,,,,,,,,,,,,,,,,,,,,,,,,,,,,,,,,,,,,,,,,,,,,,,,,,,,,,,,,,,,,| (92285)
484       	51.2358     	64.0        	1463        	4570635   	|,,,,,,,,,,,,,,,,,,,,,,,,,,,,,,,,,,,,,,,,,,,,,,,,,,,,,,,,,,,,,,,,| (91936)
485       	51.0862     	64.0        	1452        	5408665   	|,,,,,,,,,,,,,,,,,,,,,,,,,,,,,,,,,,,,,,,,,,,,,,,,,,,,,,,,,,,,,,,,| (90998)
486       	51.0098     	64.0        	1458        	5408665   	|,,,,,,,,,,,,,,,,,,,,,,,,,,,,,,,,,,,,,,,,,,,,,,,,,,,,,,,,,,,,,,,,| (91256)
487       	51.0516     	64.0        	1456        	5408665   	|,,,,,,,,,,,,,,,,,,,,,,,,,,,,,,,,,,,,,,,,,,,,,,,,,,,,,,,,,,,,,,,,| (92408)
488       	51.1471     	64.0        	1419        	5408665   	|,,,,,,,,,,,,,,,,,,,,,,,,,,,,,,,,,,,,,,,,,,,,,,,,,,,,,,,,,,,,,,,,| (94584)
489       	51.1612     	64.0        	1448        	4570635   	|,,,,,,,,,,,,,,,,,,,,,,,,,,,,,,,,,,,,,,,,,,,,,,,,,,,,,,,,,,,,,,,,| (96379)
490       	51.1710     	64.0        	1427        	4570635   	|,,,,,,,,,,,,,,,,,,,,,,,,,,,,,,,,,,,,,,,,,,,,,,,,,,,,,,,,,,,,,,,,| (97523)
491       	51.2854     	64.0        	1406        	4570635   	|,,,,,,,,,,,,,,,,,,,,,,,,,,,,,,,,,,,,,,,,,,,,,,,,,,,,,,,,,,,,,,,,| (98554)
492       	51.2192     	64.0        	1444        	4570635   	|,,,,,,,,,,,,,,,,,,,,,,,,,,,,,,,,,,,,,,,,,,,,,,,,,,,,,,,,,,,,,,,,| (98927)
493       	51.3414     	64.0        	1429        	5408665   	|,,,,,,,,,,,,,,,,,,,,,,,,,,,,,,,,,,,,,,,,,,,,,,,,,,,,,,,,,,,,,,,,| (96499)
494       	51.3486     	64.0        	1453        	5408665   	|,,,,,,,,,,,,,,,,,,,,,,,,,,,,,,,,,,,,,,,,,,,,,,,,,,,,,,,,,,,,,,,,| (94202)
495       	51.4200     	64.0        	1488        	5408665   	|,,,,,,,,,,,,,,,,,,,,,,,,,,,,,,,,,,,,,,,,,,,,,,,,,,,,,,,,,,,,,,,,| (95608)
496       	51.4591     	64.0        	1442        	5408665   	|,,,,,,,,,,,,,,,,,,,,,,,,,,,,,,,,,,,,,,,,,,,,,,,,,,,,,,,,,,,,,,,,| (95734)
497       	51.4557     	64.0        	1453        	5408665   	|,,,,,,,,,,,,,,,,,,,,,,,,,,,,,,,,,,,,,,,,,,,,,,,,,,,,,,,,,,,,,,,,| (97913)
498       	51.4837     	64.0        	1446        	5408665   	|,,,,,,,,,,,,,,,,,,,,,,,,,,,,,,,,,,,,,,,,,,,,,,,,,,,,,,,,,,,,,,,,| (94074)
499       	51.3858     	64.0        	1467        	5408665   	|,,,,,,,,,,,,,,,,,,,,,,,,,,,,,,,,,,,,,,,,,,,,,,,,,,,,,,,,,,,,,,,,| (94332)
500       	51.3540     	64.0        	1463        	4570635   	|,,,,,,,,,,,,,,,,,,,,,,,,,,,,,,,,,,,,,,,,,,,,,,,,,,,,,,,,,,,,,,,,| (94706)
